ID,CompanyName,ContactName,PhoneNumber,City,State,Status,CompetitorWebsite,Notes
1,"1 Plus Texas Remodeling, LLC",Owner / Manager,+18324791018,Houston,Texas,called,https://www.elevationroofing.com/,Google Maps URL: https://www.google.com/maps/search/?api=1&query=1%20Plus%20Texas%20Remodeling%2C%20LLC&query_place_id=ChIJp_qBH0FSfmQR9RJ9xxD5dbo
6,A&C REMODELING and CONSTRUCTION CO,Owner / Manager,+13467195170,Houston,Texas,called,https://www.elevationroofing.com/,Google Maps URL: https://www.google.com/maps/search/?api=1&query=A%26C%20REMODELING%20and%20CONSTRUCTION%20CO&query_place_id=ChIJRbDm7_3FQIYRHlxEx9_o0tU
12,A1 roofing,Owner / Manager,+18326545831,Houston,Texas,called,,Google Maps URL: https://www.google.com/maps/search/?api=1&query=A1%20roofing&query_place_id=ChIJ7wTo3sK5QIYRsV2gDGyB4OY
140,Dragon Construction,Owner / Manager,+12818251770,Houston,Texas,called,,Google Maps URL: https://www.google.com/maps/search/?api=1&query=Dragon%20Construction&query_place_id=ChIJVY8OJn6xQIYRDQ8faEdv-tg
141,E.A.E Renovations,Owner / Manager,+17138731797,Houston,Texas,called,,Google Maps URL: https://www.google.com/maps/search/?api=1&query=E.A.E%20Renovations&query_place_id=ChIJzZTh3aTpQIYR2SEVbPG9cRI
145,Eddie’s Roofing,Owner / Manager,+13466061944,Houston,Texas,called,,Google Maps URL: https://www.google.com/maps/search/?api=1&query=Eddie%E2%80%99s%20Roofing&query_place_id=ChIJBezxcCylQIYRmoUGe6bRJ7k
146,Edgar roofing,Owner / Manager,+18329071480,Houston,Texas,called,,Google Maps URL: https://www.google.com/maps/search/?api=1&query=Edgar%20roofing&query_place_id=ChIJcUMM5FmjQIYRsjFOuOZwGgY
152,Energyshield,Owner / Manager,+18326380146,Houston,Texas,called,,Google Maps URL: https://www.google.com/maps/search/?api=1&query=Energyshield&query_place_id=ChIJn6lqKXKVQIYRGWVVO4Ofy_A
153,Ernestos roofing y remodeling,Owner / Manager,+18322127775,Houston,Texas,called,,Google Maps URL: https://www.google.com/maps/search/?api=1&query=Ernestos%20roofing%20y%20remodeling&query_place_id=ChIJI_4asua5QIYRzFbvrZR85KY
155,Evercycle Roofing,Owner / Manager,+18326731336,Houston,Texas,called,,Google Maps URL: https://www.google.com/maps/search/?api=1&query=Evercycle%20Roofing&query_place_id=ChIJMTeFkCx5O2YRQhcwOaRmHEI
158,Expert Roofing,Owner / Manager,+18329795238,Houston,Texas,called,,Google Maps URL: https://www.google.com/maps/search/?api=1&query=Expert%20Roofing&query_place_id=ChIJIzGRwLcHK4cRBT37rQZ_Ucs
161,FC Roofing & R LLC,Owner / Manager,+18322878733,Houston,Texas,called,,Google Maps URL: https://www.google.com/maps/search/?api=1&query=FC%20Roofing%20%26%20R%20LLC&query_place_id=ChIJ3eWVH2a7QIYR6FHP4GOdKG8
164,Figueroa´s Remodeling,Owner / Manager,+17132699949,Houston,Texas,called,,Google Maps URL: https://www.google.com/maps/search/?api=1&query=Figueroa%C2%B4s%20Remodeling&query_place_id=ChIJh2Zovpa5QIYRz5Kkj5Srj1s
169,Framing & Siding Construction,Owner / Manager,+17133856321,Houston,Texas,called,,Google Maps URL: https://www.google.com/maps/search/?api=1&query=Framing%20%26%20Siding%20Construction&query_place_id=ChIJFdqzSxOxQIYRYywhsiV4KCk
170,Frey Roofing & Construction,Owner / Manager,+13466152485,Houston,Texas,called,,Google Maps URL: https://www.google.com/maps/search/?api=1&query=Frey%20Roofing%20%26%20Construction&query_place_id=ChIJ83kevm56K4cR1eN17ooRebw
171,Frontline Roofing,Owner / Manager,+17132546842,Houston,Texas,called,,Google Maps URL: https://www.google.com/maps/search/?api=1&query=Frontline%20Roofing&query_place_id=ChIJ6V3qG2THQIYRfESmQbkgmfM
173,GOOD FAITH CONSTRUCTION LLC HTX,Owner / Manager,+17132870308,Houston,Texas,called,,Google Maps URL: https://www.google.com/maps/search/?api=1&query=GOOD%20FAITH%20CONSTRUCTION%20LLC%20HTX&query_place_id=ChIJVWkqSni9QIYROVOYPR0sGbY
174,GSG roofing interior & exterior,Owner / Manager,+18328764120,Houston,Texas,called,,Google Maps URL: https://www.google.com/maps/search/?api=1&query=GSG%20roofing%20interior%20%26%20exterior&query_place_id=ChIJJUXzMhNWKYERgceJcMHHOGw
183,Golden Brick Construction Group LLC,Owner / Manager,+18323615897,Houston,Texas,called,,Google Maps URL: https://www.google.com/maps/search/?api=1&query=Golden%20Brick%20Construction%20Group%20LLC&query_place_id=ChIJQREqP_fGbI0RHT6P0Rj0OZ0
184,Gomez Roofing,Owner / Manager,+12818362403,Houston,Texas,called,,Google Maps URL: https://www.google.com/maps/search/?api=1&query=Gomez%20Roofing&query_place_id=ChIJuylEa8G5QIYR93ifUmwStaM
185,Graziano Roofing of Texas Inc,Owner / Manager,+17136869007,Houston,Texas,called,,Google Maps URL: https://www.google.com/maps/search/?api=1&query=Graziano%20Roofing%20of%20Texas%20Inc&query_place_id=ChIJCw8cCxXGQIYR1ttaVYx8-M8
187,Griggs Building Materials,Owner / Manager,+17134346121,Houston,Texas,called,,Google Maps URL: https://www.google.com/maps/search/?api=1&query=Griggs%20Building%20Materials&query_place_id=ChIJ-YfFfoS9QIYRvDAJJGxt-wI
189,Gulf Coast Roofing Company,Owner / Manager,+12818170029,Houston,Texas,called,,Google Maps URL: https://www.google.com/maps/search/?api=1&query=Gulf%20Coast%20Roofing%20Company&query_place_id=ChIJpaI-HaPpQIYRWivK_a6Ce5g
191,Guzman Roofing,Owner / Manager,+18324552845,Houston,Texas,called,,Google Maps URL: https://www.google.com/maps/search/?api=1&query=Guzman%20Roofing&query_place_id=ChIJZQG-hSDrQIYR5RFK_nhaB_8
194,HENRIQUEZ CONSTRUCTION LLC,Owner / Manager,+17132527002,Houston,Texas,called,,Google Maps URL: https://www.google.com/maps/search/?api=1&query=HENRIQUEZ%20CONSTRUCTION%20LLC&query_place_id=ChIJG-llyvongq8RtvwtevUMK00
195,HQ Roofing LLC,Owner / Manager,+18329468366,Houston,Texas,called,,Google Maps URL: https://www.google.com/maps/search/?api=1&query=HQ%20Roofing%20LLC&query_place_id=ChIJc9Gs3GmXQIYRb-39y1rRFqQ
202,Heritage Roofing Services,Owner / Manager,+12815369267,Houston,Texas,called,,Google Maps URL: https://www.google.com/maps/search/?api=1&query=Heritage%20Roofing%20Services&query_place_id=ChIJ9eZoOQC_QIYRZfZPDSyVtVY
203,Hernandez Roofing,Owner / Manager,+18329975214,Houston,Texas,called,,Google Maps URL: https://www.google.com/maps/search/?api=1&query=Hernandez%20Roofing&query_place_id=ChIJJywii47pQIYR1TgaMQ9RJpU
204,Hill Commercial Roofing,Owner / Manager,+17135535494,Houston,Texas,called,,Google Maps URL: https://www.google.com/maps/search/?api=1&query=Hill%20Commercial%20Roofing&query_place_id=ChIJSdYFJf3dQIYRn2TlYYvAp5I
205,Hockley Roofing Services,Owner / Manager,+18327730979,Houston,Texas,called,,Google Maps URL: https://www.google.com/maps/search/?api=1&query=Hockley%20Roofing%20Services&query_place_id=ChIJZw8T2hktQYYRBwGTXW4yj_E
207,Horizon Roofing Group,Owner / Manager,+18329109513,Houston,Texas,called,,Google Maps URL: https://www.google.com/maps/search/?api=1&query=Horizon%20Roofing%20Group&query_place_id=ChIJjRgjiBjHQIYRarjXckSkQEI
208,Houston RoofUS Pros,Owner / Manager,+17135387423,Houston,Texas,called,,Google Maps URL: https://www.google.com/maps/search/?api=1&query=Houston%20RoofUS%20Pros&query_place_id=ChIJOyy-OQDDQIYRonlWeW2I9MA
209,Houston Water Emergency Restoration,Owner / Manager,+12543274369,Houston,Texas,called,,Google Maps URL: https://www.google.com/maps/search/?api=1&query=Houston%20Water%20Emergency%20Restoration&query_place_id=ChIJt-FEfD6xcqERmJQbYweEmIA
213,Ibarra Roofing,Owner / Manager,+17139335951,Houston,Texas,called,,Google Maps URL: https://www.google.com/maps/search/?api=1&query=Ibarra%20Roofing&query_place_id=ChIJD1b5awCkQIYRhThom47kofo
215,Indus Roofing & Construction,Owner / Manager,+13465009800,Houston,Texas,called,,Google Maps URL: https://www.google.com/maps/search/?api=1&query=Indus%20Roofing%20%26%20Construction&query_place_id=ChIJ5aexANe9QIYRDdUjQd2Rf3Q
226,Jaguar Roofing,Owner / Manager,+18329517070,Houston,Texas,called,,Google Maps URL: https://www.google.com/maps/search/?api=1&query=Jaguar%20Roofing&query_place_id=ChIJs1jlzSfrQIYRWyUj2eHMcLc
228,"Jay-Co Enterprises, LLC",Owner / Manager,+17137384525,Houston,Texas,called,,Google Maps URL: https://www.google.com/maps/search/?api=1&query=Jay-Co%20Enterprises%2C%20LLC&query_place_id=ChIJMXbiEbW5QIYREy2-20q8L1s
233,Kennebrew & Britton Development Group L.L.C,Owner / Manager,+18327841657,Houston,Texas,called,,Google Maps URL: https://www.google.com/maps/search/?api=1&query=Kennebrew%20%26%20Britton%20Development%20Group%20L.L.C&query_place_id=ChIJy-YP1UvBQIYRfkANquk8-CA
235,King cobra Roofing,Owner / Manager,+18322139042,Houston,Texas,called,,Google Maps URL: https://www.google.com/maps/search/?api=1&query=King%20cobra%20Roofing&query_place_id=ChIJX-wzpFrDQIYRfcxmdxk-fmk
236,Kingdom Builders,Owner / Manager,+18325030598,Houston,Texas,called,,Google Maps URL: https://www.google.com/maps/search/?api=1&query=Kingdom%20Builders&query_place_id=ChIJcfLsjSXHQIYR-s-keynq_lk
237,LLA Roofing,Owner / Manager,+19362497612,Houston,Texas,called,,Google Maps URL: https://www.google.com/maps/search/?api=1&query=LLA%20Roofing&query_place_id=ChIJ0VMHYo16D0kR4YbkZjhcWps
238,LNE Construction LLC,Owner / Manager,+17138591572,Houston,Texas,called,,Google Maps URL: https://www.google.com/maps/search/?api=1&query=LNE%20Construction%20LLC&query_place_id=ChIJJxz3xpQgL4cR5KBZ6YhfnPQ
239,LOPEZ ROOFING RESTORATION,Owner / Manager,+18328863651,Houston,Texas,called,,Google Maps URL: https://www.google.com/maps/search/?api=1&query=LOPEZ%20ROOFING%20RESTORATION&query_place_id=ChIJkb8wTQCXQIYRglSdkm9g-Y8
241,LSR EXPERTS,Owner / Manager,+18322829504,Houston,Texas,called,,Google Maps URL: https://www.google.com/maps/search/?api=1&query=LSR%20EXPERTS&query_place_id=ChIJ-ZOWMkfJQIYRAaL2PhHwFgQ
245,Longhorn Building Material,Owner / Manager,+17132246660,Houston,Texas,called,,Google Maps URL: https://www.google.com/maps/search/?api=1&query=Longhorn%20Building%20Material&query_place_id=ChIJy_6HFMa5QIYRZRp7KxQzNjM
247,Lucy's Roofers,Owner / Manager,+12815093345,Houston,Texas,called,,Google Maps URL: https://www.google.com/maps/search/?api=1&query=Lucy's%20Roofers&query_place_id=ChIJJwb627HJQIYRjPSsNoKSLy8
248,López roofing and more...,Owner / Manager,+13467751159,Houston,Texas,called,,Google Maps URL: https://www.google.com/maps/search/?api=1&query=L%C3%B3pez%20roofing%20and%20more...&query_place_id=ChIJ5dvqgBa_QIYRRu8dTJCrCAc
250,M&O contracting service corp,Owner / Manager,+18328779652,Houston,Texas,called,,Google Maps URL: https://www.google.com/maps/search/?api=1&query=M%26O%20contracting%20service%20corp&query_place_id=ChIJp8zBh_S5QIYR3bfAQzZWLo0
252,M.C. Roofing & Remodeling,Owner / Manager,+18325525009,Houston,Texas,called,,Google Maps URL: https://www.google.com/maps/search/?api=1&query=M.C.%20Roofing%20%26%20Remodeling&query_place_id=ChIJ1YUJUDbXRicR4g6XHMjKqRI
258,Major League Roofing,Owner / Manager,+17132590474,Houston,Texas,called,,Google Maps URL: https://www.google.com/maps/search/?api=1&query=Major%20League%20Roofing&query_place_id=ChIJ24nNOku5QIYRl1kb_IwN38M
261,MasterCraft Roofing,Owner / Manager,+17133370915,Houston,Texas,called,,Google Maps URL: https://www.google.com/maps/search/?api=1&query=MasterCraft%20Roofing&query_place_id=ChIJAa5xG9C9QIYR3LoblyADa1c
262,Masters League Roofing LLC,Owner / Manager,+12816697214,Houston,Texas,called,,Google Maps URL: https://www.google.com/maps/search/?api=1&query=Masters%20League%20Roofing%20LLC&query_place_id=ChIJ4TJ904-Tm64RiTvyi_PEEyM
263,Matias's Roofing & Gutters,Owner / Manager,+12816063111,Houston,Texas,called,,Google Maps URL: https://www.google.com/maps/search/?api=1&query=Matias's%20Roofing%20%26%20Gutters&query_place_id=ChIJbwaxNgDDQIYRSskd34zhcPY
