address,city,description,language,location/lat,location/lng,openingHours/0/day,openingHours/0/hours,openingHours/1/day,openingHours/1/hours,openingHours/2/day,openingHours/2/hours,openingHours/3/day,openingHours/3/hours,openingHours/4/day,openingHours/4/hours,openingHours/5/day,openingHours/5/hours,openingHours/6/day,openingHours/6/hours,phone,rank,price,state,street,totalScore,title,url,Competitor Website
"845 Bell Rd, Antioch, TN 37013",Antioch,,en,36.0510703,-86.6505976,,,,,,,,,,,,,,,(615) 967-8022,19,,Tennessee,845 Bell Rd,,"Fast, Reliable Roofing",https://www.google.com/maps/search/?api=1&query=Fast%2C%20Reliable%20Roofing&query_place_id=ChIJUd1RfPBtZIgR8u_ahIjCSd8,
"5331 Mt View Rd #229, Antioch, TN 37013",Antioch,,en,36.0490468,-86.6468931,Monday,9 AM to 5 PM,Tuesday,9 AM to 5 PM,Wednesday,9 AM to 5 PM,Thursday,9 AM to 5 PM,Friday,9 AM to 5 PM,Saturday,Closed,Sunday,Closed,(615) 988-4092,47,,Tennessee,5331 Mt View Rd #229,5.0,Titan Construction Group,https://www.google.com/maps/search/?api=1&query=Titan%20Construction%20Group&query_place_id=ChIJnT0PRPFtZIgR2Trjb3aJnYE,
"886 Irma Ct, Antioch, TN 37013",Antioch,,en,36.0674264,-86.6741166,Monday,8 AM to 5 PM,Tuesday,8 AM to 5 PM,Wednesday,8 AM to 5 PM,Thursday,8 AM to 5 PM,Friday,8 AM to 5 PM,Saturday,8 AM to 5 PM,Sunday,Closed,(615) 594-9685,60,,Tennessee,886 Irma Ct,,C & B Services,https://www.google.com/maps/search/?api=1&query=C%20%26%20B%20Services&query_place_id=ChIJw6z1-2xuZIgRIBMdpqxXuF8,
"Lou Ct, Antioch, TN 37013",Antioch,,en,36.0487688,-86.6927368,Monday,7 AM to 6 PM,Tuesday,7 AM to 6 PM,Wednesday,7 AM to 6 PM,Thursday,7 AM to 6 PM,Friday,7:15 AM to 6 PM,Saturday,7 AM to 6 PM,Sunday,7 AM to 6 PM,(615) 240-0845,66,,Tennessee,Lou Ct,,Contreras construction,https://www.google.com/maps/search/?api=1&query=Contreras%20construction&query_place_id=ChIJQVrM32RvZIgRCuiCYeer5-4,
"4761 Billingsgate Rd, Antioch, TN 37013",Antioch,,en,36.0753765,-86.6626465,Monday,8 AM to 5:30 PM,Tuesday,8 AM to 5:30 PM,Wednesday,8 AM to 5:30 PM,Thursday,8 AM to 5:30 PM,Friday,8 AM to 5:30 PM,Saturday,8 AM to 12:30 PM,Sunday,Closed,(615) 427-1623,58,,Tennessee,4761 Billingsgate Rd,,Originalroofingservice,https://www.google.com/maps/search/?api=1&query=Originalroofingservice&query_place_id=ChIJL1cvgipvZIgRK2SIklkyDdA,
"1105 Woburn Way, Antioch, TN 37013",Antioch,,en,36.0814718,-86.6640556,Monday,9 AM to 6 PM,Tuesday,9 AM to 6 PM,Wednesday,9 AM to 6 PM,Thursday,9 AM to 6 PM,Friday,9 AM to 6 PM,Saturday,Closed,Sunday,Closed,(615) 943-8268,61,,Tennessee,1105 Woburn Way,4.0,"Phoenix Contractors, LLC",https://www.google.com/maps/search/?api=1&query=Phoenix%20Contractors%2C%20LLC&query_place_id=ChIJlbzYKNJvZIgRvyNXLrlU3uU,
,Antioch,,,,,,,,,,,,,,,,,,,,,,,,,TOP COMPETITOR: Roof Solutions LLC,,https://roofsolutionstn.com/
"101 Creekside Crossing Ste 1700-197, Brentwood, TN 37027",Brentwood,,en,36.0369114,-86.7988293,Monday,5 AM to 5:30 PM,Tuesday,5 AM to 5:30 PM,Wednesday,5 AM to 5:30 PM,Thursday,5 AM to 5:30 PM,Friday,5 AM to 5:30 PM,Saturday,5 AM to 5:30 PM,Sunday,5 AM to 5:30 PM,(615) 766-3489,8,,Tennessee,101 Creekside Crossing Ste 1700-197,4.4,The Roof Guy,https://www.google.com/maps/search/?api=1&query=The%20Roof%20Guy&query_place_id=ChIJeSC8FPF7ZIgRFBCy8UQiTq4,
"493 Old Hickory Blvd, Brentwood, TN 37027",Brentwood,,en,36.0397849,-86.7466428,Monday,Open 24 hours,Tuesday,Open 24 hours,Wednesday,Open 24 hours,Thursday,Open 24 hours,Friday,Open 24 hours,Saturday,Open 24 hours,Sunday,Open 24 hours,(615) 398-4128,33,,Tennessee,493 Old Hickory Blvd,5.0,Brentwood Overhead Door & Roofing Now,https://www.google.com/maps/search/?api=1&query=Brentwood%20Overhead%20Door%20%26%20Roofing%20Now&query_place_id=ChIJFSqqiut7ZIgRR1smRYMSZJk,
"320 Seven Springs Way Suite 250, Brentwood, TN 37027",Brentwood,,en,36.0424826,-86.7699567,Monday,7:30 AM to 7:30 PM,Tuesday,7:30 AM to 7:30 PM,Wednesday,7:30 AM to 7:30 PM,Thursday,7:30 AM to 7:30 PM,Friday,7:30 AM to 7:30 PM,Saturday,7:30 AM to 7:30 PM,Sunday,Closed,(615) 767-0882,39,,Tennessee,320 Seven Springs Way Suite 250,4.0,Trinity Roofing And Home Improvement,https://www.google.com/maps/search/?api=1&query=Trinity%20Roofing%20And%20Home%20Improvement&query_place_id=ChIJAQAwZid7ZIgR98eD12Wtr70,
"7316 Autumn Crossing Way, Brentwood, TN 37027",Brentwood,,en,36.0026579,-86.6895675,Monday,Open 24 hours,Tuesday,Open 24 hours,Wednesday,Open 24 hours,Thursday,Open 24 hours,Friday,Open 24 hours,Saturday,Open 24 hours,Sunday,Closed,,36,,Tennessee,7316 Autumn Crossing Way,4.6,"Weather Proof Roofing, LLC",https://www.google.com/maps/search/?api=1&query=Weather%20Proof%20Roofing%2C%20LLC&query_place_id=ChIJq6p2McL4Y4gRuxs1n2eWLpA,
"5543 Edmondson Pike Ste 91, Brentwood, TN 37027",Brentwood,,en,36.0419164,-86.746008,Monday,7 AM to 6 PM,Tuesday,7 AM to 6 PM,Wednesday,7 AM to 6 PM,Thursday,7 AM to 6 PM,Friday,7 AM to 6 PM,Saturday,9 AM to 5 PM,Sunday,Closed,(615) 747-2654,26,,Tennessee,5543 Edmondson Pike Ste 91,5.0,JR Installations,https://www.google.com/maps/search/?api=1&query=JR%20Installations&query_place_id=ChIJneN8rx9DZIgRqh0_XRz4PUI,
,Brentwood,,,,,,,,,,,,,,,,,,,,,,,,,TOP COMPETITOR: Mr. Roof,,https://www.mrroof.com/nashville/service-area/brentwood/
"1735 Springfield Hwy, Goodlettsville, TN 37072",Goodlettsville,,en,36.3782437,-86.7499855,Monday,8 AM to 5 PM,Tuesday,8 AM to 5 PM,Wednesday,8 AM to 5 PM,Thursday,8 AM to 5 PM,Friday,8 AM to 5 PM,Saturday,8 AM to 5 PM,Sunday,8 AM to 5 PM,(615) 578-6238,14,,Tennessee,1735 Springfield Hwy,5.0,Express roofing,https://www.google.com/maps/search/?api=1&query=Express%20roofing&query_place_id=ChIJ5dPELXBPZIgRKrb3OgnxasY,
,Goodlettsville,,,,,,,,,,,,,,,,,,,,,,,,,TOP COMPETITOR: MidSouth Construction,,https://midsouthconstructiontn.com/
"6003 Baltic Dr, Hermitage, TN 37076",Hermitage,,en,36.1914121,-86.62071,Monday,Open 24 hours,Tuesday,Open 24 hours,Wednesday,Open 24 hours,Thursday,Open 24 hours,Friday,Open 24 hours,Saturday,Open 24 hours,Sunday,Closed,(615) 679-1386,30,,Tennessee,6003 Baltic Dr,5.0,ACA Construction LLC,https://www.google.com/maps/search/?api=1&query=ACA%20Construction%20LLC&query_place_id=ChIJCfEtMRFrZIgRiRVvamKLG4k,
"810 Rachels View, Hermitage, TN 37076",Hermitage,,en,36.2032501,-86.6059207,,,,,,,,,,,,,,,(301) 768-6999,51,,Tennessee,810 Rachels View,5.0,ROOFING RENOVATIONS LLC,https://www.google.com/maps/search/?api=1&query=ROOFING%20RENOVATIONS%20LLC&query_place_id=ChIJn0pMcBhrZIgRVuu6zrn3m6c,
"4361 Oakcrest Ln, Hermitage, TN 37076",Hermitage,,en,36.1915216,-86.595865,,,,,,,,,,,,,,,(615) 566-1947,39,,Tennessee,4361 Oakcrest Ln,5.0,Stratus Construction LLC,https://www.google.com/maps/search/?api=1&query=Stratus%20Construction%20LLC&query_place_id=ChIJMRZDycBqZIgRyAEOVLPJFQk,
"1124 Seven Points Pass, Hermitage, TN 37076",Hermitage,,en,36.1513205,-86.5746375,Monday,9 AM to 7 PM,Tuesday,9 AM to 7 PM,Wednesday,9 AM to 7 PM,Thursday,9 AM to 7 PM,Friday,9 AM to 7 PM,Saturday,9 AM to 5 PM,Sunday,Closed,(615) 669-1548,5,,Tennessee,1124 Seven Points Pass,5.0,Nashville Roofing Company Pro,https://www.google.com/maps/search/?api=1&query=Nashville%20Roofing%20Company%20Pro&query_place_id=ChIJ-_dRANwVZIgR5zPaKllmmRs,
"4929 Shadowlawn Dr, Hermitage, TN 37076",Hermitage,,en,36.2067169,-86.5852489,Monday,8 AM to 5 PM,Tuesday,8 AM to 5 PM,Wednesday,8 AM to 5 PM,Thursday,8 AM to 5 PM,Friday,8 AM to 5 PM,Saturday,8 AM to 6 PM,Sunday,Closed,(615) 357-7145,34,,Tennessee,4929 Shadowlawn Dr,,Authentic Siding Solutions,https://www.google.com/maps/search/?api=1&query=Authentic%20Siding%20Solutions&query_place_id=ChIJPxDnK6xqZIgRbJHql2yEkDQ,
,Hermitage,,,,,,,,,,,,,,,,,,,,,,,,,TOP COMPETITOR: TopDown Roofing,,http://topdownroofing.com/
"3239 Union Hill Rd, Joelton, TN 37080",Joelton,,en,36.3220464,-86.8609136,Monday,7 AM to 9 PM,Tuesday,7 AM to 9 PM,Wednesday,7 AM to 9 PM,Thursday,7 AM to 9 PM,Friday,7 AM to 9 PM,Saturday,7 AM to 9 PM,Sunday,7 AM to 9 PM,(615) 297-1444,1,,Tennessee,3239 Union Hill Rd,5.0,C W Smith Roofing,https://www.google.com/maps/search/?api=1&query=C%20W%20Smith%20Roofing&query_place_id=ChIJT9GhoSdZZIgRKF3yo2Ov8rE,
"6540 Clarksville Pike, Joelton, TN 37080",Joelton,,en,36.3211648,-86.8999781,Monday,8 AM to 6 PM,Tuesday,8 AM to 6 PM,Wednesday,8 AM to 6 PM,Thursday,8 AM to 6 PM,Friday,8 AM to 6 PM,Saturday,Closed,Sunday,Closed,(615) 485-4472,8,,Tennessee,6540 Clarksville Pike,5.0,Home Improvement & Home Services LLC,https://www.google.com/maps/search/?api=1&query=Home%20Improvement%20%26%20Home%20Services%20LLC&query_place_id=ChIJPf8AuKxZZIgRWUS1AbGAoA8,
,Joelton,,,,,,,,,,,,,,,,,,,,,,,,,TOP COMPETITOR: Music City Roofers,,https://musiccityroofers.com/
"1249 Northgate Business Pkwy #12, Madison, TN 37115",Madison,,en,36.28329,-86.691556,Monday,7 AM to 6 PM,Tuesday,7 AM to 6 PM,Wednesday,7 AM to 6 PM,Thursday,7 AM to 6 PM,Friday,7 AM to 6 PM,Saturday,7 AM to 6 PM,Sunday,Closed,(615) 824-1500,9,,Tennessee,1249 Northgate Business Pkwy #12,4.2,At the Top Restoration Roofing,https://www.google.com/maps/search/?api=1&query=At%20the%20Top%20Restoration%20Roofing&query_place_id=ChIJAQAAAKRoZIgRYB3qnmfn0nU,
"640 Myatt Dr, Madison, TN 37115",Madison,,en,36.2916929,-86.6950722,Monday,Open 24 hours,Tuesday,Open 24 hours,Wednesday,Open 24 hours,Thursday,Open 24 hours,Friday,Open 24 hours,Saturday,Open 24 hours,Sunday,Open 24 hours,(615) 346-5590,43,,Tennessee,640 Myatt Dr,4.5,ACS Commercial Roofing,https://www.google.com/maps/search/?api=1&query=ACS%20Commercial%20Roofing&query_place_id=ChIJ8wMngCBrZIgRlfR4b-_7wgQ,
,Madison,,,,,,,,,,,,,,,,,,,,,,,,,TOP COMPETITOR: Nashville Roofing Company,,https://nashvilleroofingco.com/
"2301 Riverside Dr, Nashville, TN 37216",Nashville,,en,36.2050562,-86.72419,Monday,Open 24 hours,Tuesday,Open 24 hours,Wednesday,Open 24 hours,Thursday,Open 24 hours,Friday,Open 24 hours,Saturday,Open 24 hours,Sunday,Open 24 hours,(888) 668-1581,20,,Tennessee,2301 Riverside Dr,4.6,Josh Roofing Nashville,https://www.google.com/maps/search/?api=1&query=Josh%20Roofing%20Nashville&query_place_id=ChIJPZBAHklBZIgRelBjmbSjt-s,
"401 E Trinity Ln, Nashville, TN 37207",Nashville,,en,36.2057786,-86.7612079,,,,,,,,,,,,,,,(615) 436-2326,53,,Tennessee,401 E Trinity Ln,,BFAM Roofing,https://www.google.com/maps/search/?api=1&query=BFAM%20Roofing&query_place_id=ChIJy_zz0CVnZIgR_k-zg1k5VnY,
"512 Old Hickory Blvd, Nashville, TN 37209",Nashville,,en,36.1002017,-86.9230869,Monday,9 AM to 5 PM,Tuesday,9 AM to 5 PM,Wednesday,9 AM to 5 PM,Thursday,9 AM to 5 PM,Friday,9 AM to 5 PM,Saturday,9 AM to 5 PM,Sunday,Closed,(615) 593-4636,4,,Tennessee,512 Old Hickory Blvd,5.0,Tonys Roofing,https://www.google.com/maps/search/?api=1&query=Tonys%20Roofing&query_place_id=ChIJ00UxFraJZIgRSgPxz1JNsSQ,
"224 Donelson Pike, Nashville, TN 37214",Nashville,,en,36.1599237,-86.6648386,Monday,Open 24 hours,Tuesday,Open 24 hours,Wednesday,Open 24 hours,Thursday,Open 24 hours,Friday,Open 24 hours,Saturday,Open 24 hours,Sunday,Open 24 hours,(615) 609-1516,34,,Tennessee,224 Donelson Pike,3.0,Anas roofing and remodeling,https://www.google.com/maps/search/?api=1&query=Anas%20roofing%20and%20remodeling&query_place_id=ChIJuRIrTkRpZIgRlcHMTYIdfzY,
"5169 Eatons Creek Rd, Nashville, TN 37218",Nashville,,en,36.2571207,-86.8872809,,,,,,,,,,,,,,,(615) 859-4478,14,,Tennessee,5169 Eatons Creek Rd,5.0,Robert H Callis Roofing,https://www.google.com/maps/search/?api=1&query=Robert%20H%20Callis%20Roofing&query_place_id=ChIJj-TP8plfZIgR398puSSDLKg,
"4650 Artelia Dr, Nashville, TN 37206",Nashville,,en,36.0690414,-86.6739018,Monday,8 AM to 5 PM,Tuesday,8 AM to 5 PM,Wednesday,8 AM to 5 PM,Thursday,8 AM to 5 PM,Friday,8 AM to 5 PM,Saturday,Closed,Sunday,Closed,(615) 319-0222,56,,Tennessee,4650 Artelia Dr,,Belmontconstruction,https://www.google.com/maps/search/?api=1&query=Belmontconstruction&query_place_id=ChIJuRDuSmxuZIgRQA3K8m6IAcc,
"3212 West End Ave, Nashville, TN 37203",Nashville,,en,36.1415802,-86.8180092,Monday,Open 24 hours,Tuesday,Open 24 hours,Wednesday,Open 24 hours,Thursday,Open 24 hours,Friday,Open 24 hours,Saturday,Open 24 hours,Sunday,Closed,(615) 719-7895,19,,Tennessee,3212 West End Ave,5.0,Roofing in Nashville,https://www.google.com/maps/search/?api=1&query=Roofing%20in%20Nashville&query_place_id=ChIJ8bv7OaxmZIgRcST8F73MURA,
"Nashville, TN 37201",Nashville,,en,36.1724885,-86.7805961,,,,,,,,,,,,,,,(615) 208-4224,32,,Tennessee,,,Kellogg Roofing & Construction Llc,https://www.google.com/maps/search/?api=1&query=Kellogg%20Roofing%20%26%20Construction%20Llc&query_place_id=ChIJVVVVlVVmZIgRzmw9PaBP3g8,
"1601 Buchanan St, Nashville, TN 37208",Nashville,,en,36.1798303,-86.8095985,Monday,7 AM to 8 PM,Tuesday,7 AM to 8 PM,Wednesday,7 AM to 8 PM,Thursday,7 AM to 8 PM,Friday,7 AM to 8 PM,Saturday,7 AM to 9 PM,Sunday,7 AM to 8 PM,(877) 628-0269,16,,Tennessee,1601 Buchanan St,5.0,Reliable Nashville Roofing,https://www.google.com/maps/search/?api=1&query=Reliable%20Nashville%20Roofing&query_place_id=ChIJpzFjZiJnZIgRQMTAVImnYsE,
"1210 Greenfield Ave, Nashville, TN 37216",Nashville,,en,36.2099038,-86.7273464,,,,,,,,,,,,,,,(615) 838-8431,41,,Tennessee,1210 Greenfield Ave,,Yep Construction,https://www.google.com/maps/search/?api=1&query=Yep%20Construction&query_place_id=ChIJc-vvMBpoZIgR5xealr-URvc,
"3250 Dickerson Pike #210, Nashville, TN 37207",Nashville,,en,36.2348148,-86.7588119,,,,,,,,,,,,,,,(615) 962-9958,44,,Tennessee,3250 Dickerson Pike #210,,Start Truss,https://www.google.com/maps/search/?api=1&query=Start%20Truss&query_place_id=ChIJdVaSzUNdZIgRF9gtgTUeI9w,
"1104 Richmond Dr, Nashville, TN 37216",Nashville,,en,36.2296429,-86.7241608,,,,,,,,,,,,,,,(615) 420-6160,49,,Tennessee,1104 Richmond Dr,,Superior Renovation Group,https://www.google.com/maps/search/?api=1&query=Superior%20Renovation%20Group&query_place_id=ChIJn0bp17xCZIgRTzNF2DrSzSE,
"204 Point E Dr, Nashville, TN 37216",Nashville,,en,36.2327831,-86.7243874,Monday,8 AM to 4 PM,Tuesday,8 AM to 4 PM,Wednesday,8 AM to 4 PM,Thursday,8 AM to 4 PM,Friday,8 AM to 4 PM,Saturday,Closed,Sunday,Closed,(615) 750-2148,58,,Tennessee,204 Point E Dr,,Urban Properties,https://www.google.com/maps/search/?api=1&query=Urban%20Properties&query_place_id=ChIJGUt3TrxCZIgRY_OTuSHaoFw,
"211 12th Ave N, Nashville, TN 37203",Nashville,,en,36.1537319,-86.7858571,Monday,6 AM to 11 PM,Tuesday,6 AM to 11 PM,Wednesday,6 AM to 11 PM,Thursday,6 AM to 11 PM,Friday,6 AM to 11 PM,Saturday,8 AM to 8 PM,Sunday,8 AM to 8 PM,(423) 512-6201,11,,Tennessee,211 12th Ave N,5.0,Nashville Roofing Services,https://www.google.com/maps/search/?api=1&query=Nashville%20Roofing%20Services&query_place_id=ChIJUUnZwj8rXIgRv7Dkxnx7D_I,
"2010 Herman St A, Nashville, TN 37208",Nashville,,en,36.1630197,-86.807206,Monday,7 AM to 5 PM,Tuesday,7 AM to 5 PM,Wednesday,7 AM to 5 PM,Thursday,7 AM to 5 PM,Friday,7 AM to 5 PM,Saturday,7 AM to 5 PM,Sunday,Closed,(615) 753-8055,17,,Tennessee,2010 Herman St A,4.8,"S&J Roofing, LLC",https://www.google.com/maps/search/?api=1&query=S%26J%20Roofing%2C%20LLC&query_place_id=ChIJAx7xdsRmZIgR3qgoOhgcT0w,
"121 4th Ave S #40, Nashville, TN 37201",Nashville,,en,36.1600153,-86.7772398,Monday,Open 24 hours,Tuesday,Open 24 hours,Wednesday,Open 24 hours,Thursday,Open 24 hours,Friday,Open 24 hours,Saturday,Open 24 hours,Sunday,Closed,(615) 698-9719,18,,Tennessee,121 4th Ave S #40,5.0,Nashville Roofing Contractors & Repair Pros,https://www.google.com/maps/search/?api=1&query=Nashville%20Roofing%20Contractors%20%26%20Repair%20Pros&query_place_id=ChIJ9Zd6g2BnZIgRyJjGxn4qCQE,
"2131 Murfreesboro Pike #214, Nashville, TN 37217",Nashville,,en,36.0925432,-86.6526336,Monday,9 AM to 6 PM,Tuesday,9 AM to 6 PM,Wednesday,9 AM to 6 PM,Thursday,9 AM to 6 PM,Friday,9 AM to 6 PM,Saturday,9 AM to 6 PM,Sunday,Closed,(615) 298-3820,19,,Tennessee,2131 Murfreesboro Pike #214,5.0,Roofing Professionals,https://www.google.com/maps/search/?api=1&query=Roofing%20Professionals&query_place_id=ChIJW_SFbC5sZIgRm_7Vg1vKhqI,
"515 Radnor St, Nashville, TN 37211",Nashville,,en,36.105119,-86.746118,Monday,6 AM to 6:30 PM,Tuesday,6 AM to 6:30 PM,Wednesday,6 AM to 6:30 PM,Thursday,6 AM to 6:30 PM,Friday,6 AM to 6:30 PM,Saturday,6 AM to 6:30 PM,Sunday,Closed,(615) 498-2931,32,,Tennessee,515 Radnor St,5.0,THE BROTHERS ROOFING & CONSTRUCTION,https://www.google.com/maps/search/?api=1&query=THE%20BROTHERS%20ROOFING%20%26%20CONSTRUCTION&query_place_id=ChIJuRQnQ_BvZIgR2vh0AfaBq0Q,
"522 Radnor St, Nashville, TN 37211",Nashville,,en,36.1056371,-86.7468911,Monday,8 AM to 6 PM,Tuesday,8 AM to 6 PM,Wednesday,8 AM to 6 PM,Thursday,8 AM to 6 PM,Friday,8 AM to 6 PM,Saturday,Closed,Sunday,Closed,(615) 766-7199,41,,Tennessee,522 Radnor St,5.0,Gladiator Roofing and More Llc,https://www.google.com/maps/search/?api=1&query=Gladiator%20Roofing%20and%20More%20Llc&query_place_id=ChIJ1QNutgRlZIgRRh8EWwZQxX4,
"1321 Murfreesboro Pike #1321 #655, Nashville, TN 37217",Nashville,,en,36.1147092,-86.6958704,,,,,,,,,,,,,,,(615) 656-7446,42,,Tennessee,1321 Murfreesboro Pike #1321 #655,5.0,CB Roofing Consultants,https://www.google.com/maps/search/?api=1&query=CB%20Roofing%20Consultants&query_place_id=ChIJpZwF7dtuZIgRZQH2Wxga8Aw,
"620 Harding Pl, Nashville, TN 37211",Nashville,,en,36.0782761,-86.7430045,,,,,,,,,,,,,,,(615) 335-1213,44,,Tennessee,620 Harding Pl,5.0,Diaz Roofing,https://www.google.com/maps/search/?api=1&query=Diaz%20Roofing&query_place_id=ChIJK6VBNn1lZIgREuvNpqdMRyo,
"302 Radnor St, Nashville, TN 37211",Nashville,,en,36.1052335,-86.7401045,,,,,,,,,,,,,,,(615) 481-2153,45,,Tennessee,302 Radnor St,5.0,C W Jones Roofing,https://www.google.com/maps/search/?api=1&query=C%20W%20Jones%20Roofing&query_place_id=ChIJq_UTjGFvZIgRBa7IHjbII5s,
"Nashville, TN 37211",Nashville,,en,36.0775432,-86.7315785,Monday,Open 24 hours,Tuesday,Open 24 hours,Wednesday,Open 24 hours,Thursday,Open 24 hours,Friday,Open 24 hours,Saturday,Open 24 hours,Sunday,Open 24 hours,(615) 589-5518,46,,Tennessee,,,A-Plus Roofing & Siding,https://www.google.com/maps/search/?api=1&query=A-Plus%20Roofing%20%26%20Siding&query_place_id=ChIJq6qqqvpvZIgRqsDya_mS7qs,
"607 Woodett Dr, Nashville, TN 37211",Nashville,,en,36.0526513,-86.730887,Monday,Open 24 hours,Tuesday,Open 24 hours,Wednesday,Open 24 hours,Thursday,Open 24 hours,Friday,Open 24 hours,Saturday,Open 24 hours,Sunday,Open 24 hours,(615) 333-3765,49,,Tennessee,607 Woodett Dr,5.0,Assurance Restoration & Roofing,https://www.google.com/maps/search/?api=1&query=Assurance%20Restoration%20%26%20Roofing&query_place_id=ChIJo0Hw2eRvZIgRfXu1W7sSRkA,
"2007 Forges Dr, Nashville, TN 37217",Nashville,,en,36.0900549,-86.6642761,Monday,7 AM to 6:30 PM,Tuesday,7 AM to 6:30 PM,Wednesday,7 AM to 6:30 PM,Thursday,7 AM to 6:30 PM,Friday,7 AM to 6:30 PM,Saturday,7:30 AM to 5:30 PM,Sunday,Closed,(615) 618-1569,54,,Tennessee,2007 Forges Dr,5.0,Roofing Daniel's & Carpentry TN LLC,https://www.google.com/maps/search/?api=1&query=Roofing%20Daniel's%20%26%20Carpentry%20TN%20LLC&query_place_id=ChIJHbOd3eBvZIgRSNbFlpS5rTQ,
"2840 Logan St Suite 200, Nashville, TN 37211",Nashville,,en,36.1127584,-86.7413053,Monday,8 AM to 5 PM,Tuesday,8 AM to 5 PM,Wednesday,8 AM to 5 PM,Thursday,8 AM to 5 PM,Friday,8 AM to 5 PM,Saturday,Closed,Sunday,Closed,(615) 832-5099,59,,Tennessee,2840 Logan St Suite 200,,United Roofing Consultants Inc.,https://www.google.com/maps/search/?api=1&query=United%20Roofing%20Consultants%20Inc.&query_place_id=ChIJixx-B_VlZIgRBMWlm4zLp00,
"4487 Post Pl STE 100, Nashville, TN 37205",Nashville,,en,36.1303472,-86.8491161,,,,,,,,,,,,,,,(615) 479-8130,29,,Tennessee,4487 Post Pl STE 100,,DIMENSIONAL SPACES,https://www.google.com/maps/search/?api=1&query=DIMENSIONAL%20SPACES&query_place_id=ChIJ365_nNljZIgRDmS_yN7gME8,
"475 Metroplex Dr #110, Nashville, TN 37211",Nashville,,en,36.0883484,-86.699875,,,,,,,,,,,,,,,(615) 499-6008,67,,Tennessee,475 Metroplex Dr #110,5.0,CEI CONTRACTORS,https://www.google.com/maps/search/?api=1&query=CEI%20CONTRACTORS&query_place_id=ChIJ6U44kv9uZIgR7QQqydoCNj0,
"4941 Hopedale Dr, Nashville, TN 37211",Nashville,,en,36.0708333,-86.7168079,,,,,,,,,,,,,,,,94,,Tennessee,4941 Hopedale Dr,,Rayo Construction Roofing LLC,https://www.google.com/maps/search/?api=1&query=Rayo%20Construction%20Roofing%20LLC&query_place_id=ChIJA0bUs75vZIgRdDq3tf6ppqU,
"4501 Packard Dr, Nashville, TN 37211",Nashville,,en,36.0648122,-86.6897058,Monday,Open 24 hours,Tuesday,Open 24 hours,Wednesday,Open 24 hours,Thursday,Open 24 hours,Friday,Open 24 hours,Saturday,8 AM to 3 PM,Sunday,Closed,(615) 617-0755,99,,Tennessee,4501 Packard Dr,5.0,DAVID'S PAINTING & REMODELING,https://www.google.com/maps/search/?api=1&query=DAVID'S%20PAINTING%20%26%20REMODELING&query_place_id=ChIJrRtLxK9vZIgReol6ai2RF6k,
"1515 Elm Hill Pike #406, Nashville, TN 37210",Nashville,,en,36.1433699,-86.7181961,Monday,Open 24 hours,Tuesday,Open 24 hours,Wednesday,Open 24 hours,Thursday,Open 24 hours,Friday,Open 24 hours,Saturday,Open 24 hours,Sunday,Open 24 hours,(615) 739-6122,30,,Tennessee,1515 Elm Hill Pike #406,,Alford Roofing & Construction,https://www.google.com/maps/search/?api=1&query=Alford%20Roofing%20%26%20Construction&query_place_id=ChIJa2emPsZoZIgRqiFWY9BvMEw,
"1007 Murfreesboro Pike, Nashville, TN 37217",Nashville,,en,36.1280278,-86.7135092,,,,,,,,,,,,,,,(615) 366-5037,34,,Tennessee,1007 Murfreesboro Pike,5.0,Metro Roofing Co,https://www.google.com/maps/search/?api=1&query=Metro%20Roofing%20Co&query_place_id=ChIJGy8bWzJvZIgRZRzlu_z3uAQ,
"3149 Crosswood Dr, Nashville, TN 37214",Nashville,,en,36.1593918,-86.6470796,Monday,Open 24 hours,Tuesday,Open 24 hours,Wednesday,Open 24 hours,Thursday,Open 24 hours,Friday,Open 24 hours,Saturday,Open 24 hours,Sunday,Open 24 hours,(615) 953-2953,38,,Tennessee,3149 Crosswood Dr,,Dr Roof of Tennessee,https://www.google.com/maps/search/?api=1&query=Dr%20Roof%20of%20Tennessee&query_place_id=ChIJ50woy8VrZIgR82GYuFxb5wM,
"2601 Elm Hill Pike, Nashville, TN 37214",Nashville,,en,36.1512434,-86.6763128,,,,,,,,,,,,,,,(615) 678-0531,43,,Tennessee,2601 Elm Hill Pike,3.0,Curb Appeal Roofing,https://www.google.com/maps/search/?api=1&query=Curb%20Appeal%20Roofing&query_place_id=ChIJJ95BAkJpZIgRjMmpJomoBUs,
"Nashville, TN 37210",Nashville,,en,36.1482458,-86.7366082,,,,,,,,,,,,,,,(615) 942-0259,51,,Tennessee,,,Exotic Construction,https://www.google.com/maps/search/?api=1&query=Exotic%20Construction&query_place_id=ChIJAQAAAKRoZIgR8rNK9MdMf8M,
"640 Spence Ln, Nashville, TN 37217",Nashville,,en,36.1394881,-86.72365,Monday,Open 24 hours,Tuesday,Open 24 hours,Wednesday,Open 24 hours,Thursday,Open 24 hours,Friday,Open 24 hours,Saturday,Open 24 hours,Sunday,Open 24 hours,(615) 360-9093,52,,Tennessee,640 Spence Ln,,Certified Roofing & Gutters,https://www.google.com/maps/search/?api=1&query=Certified%20Roofing%20%26%20Gutters&query_place_id=ChIJC0euVrZoZIgRUug9zlTBIVA,
"712 Massman Dr, Nashville, TN 37210",Nashville,"Contractor supply chain stocking doors & windows, lumber, drywall & hardware.",en,36.150757,-86.7080521,Monday,7 AM to 4 PM,Tuesday,7 AM to 4 PM,Wednesday,7 AM to 4 PM,Thursday,7 AM to 4 PM,Friday,7 AM to 4 PM,Saturday,Closed,Sunday,Closed,(629) 910-7755,70,,Tennessee,712 Massman Dr,3.8,Builders First Source,https://www.google.com/maps/search/?api=1&query=Builders%20First%20Source&query_place_id=ChIJQ2YAsd1oZIgRIZysyQMSSHw,
"101 Spence Ln, Nashville, TN 37210",Nashville,,en,36.161761,-86.721745,Monday,8 AM to 5 PM,Tuesday,8 AM to 5 PM,Wednesday,8 AM to 5 PM,Thursday,8 AM to 5 PM,Friday,8 AM to 5 PM,Saturday,Closed,Sunday,Closed,(615) 874-8620,86,,Tennessee,101 Spence Ln,3.5,Installation Group,https://www.google.com/maps/search/?api=1&query=Installation%20Group&query_place_id=ChIJI3GL05JoZIgR8irgVoghHqU,
"718 Division St, Nashville, TN 37203",Nashville,,en,36.1501612,-86.7787998,Monday,7 AM to 8 PM,Tuesday,7 AM to 8 PM,Wednesday,7 AM to 8 PM,Thursday,7 AM to 8 PM,Friday,7 AM to 8 PM,Saturday,7 AM to 8 PM,Sunday,7 AM to 8 PM,(888) 412-5535,12,,Tennessee,718 Division St,5.0,Nashville Roofing Experts,https://www.google.com/maps/search/?api=1&query=Nashville%20Roofing%20Experts&query_place_id=ChIJfUzX3SdnZIgRbzlF8lDUb1s,
"520 Merritt Ave, Nashville, TN 37203",Nashville,,en,36.1401465,-86.7684405,Monday,7 AM to 8 PM,Tuesday,7 AM to 8 PM,Wednesday,7 AM to 8 PM,Thursday,7 AM to 8 PM,Friday,7 AM to 8 PM,Saturday,7 AM to 8 PM,Sunday,7 AM to 8 PM,(888) 419-9743,20,,Tennessee,520 Merritt Ave,3.6,Quality Roofing Nashville,https://www.google.com/maps/search/?api=1&query=Quality%20Roofing%20Nashville&query_place_id=ChIJZaBM4uFlZIgRRiwWzn6gPbk,
"2600 Clifton Ave, Nashville, TN 37209",Nashville,,en,36.158684,-86.8151309,Monday,7 AM to 7 PM,Tuesday,7 AM to 7 PM,Wednesday,7 AM to 7 PM,Thursday,7 AM to 7 PM,Friday,7 AM to 7 PM,Saturday,10 AM to 2 PM,Sunday,Closed,,40,,Tennessee,2600 Clifton Ave,5.0,Pyle Development,https://www.google.com/maps/search/?api=1&query=Pyle%20Development&query_place_id=ChIJT7VR1UpnZIgRb2XKLBF0z5o,
"212 Broadway, Nashville, TN 37201",Nashville,,en,36.1618114,-86.7758883,,,,,,,,,,,,,,,(615) 525-6725,42,,Tennessee,212 Broadway,5.0,millenniumroofingtn,https://www.google.com/maps/search/?api=1&query=millenniumroofingtn&query_place_id=ChIJl079w1tmZIgRWe_LFIgHLfo,
"138 Rep. John Lewis Way N, Nashville, TN 37219",Nashville,,en,36.162227,-86.779148,Monday,Open 24 hours,Tuesday,Open 24 hours,Wednesday,Open 24 hours,Thursday,Open 24 hours,Friday,Open 24 hours,Saturday,Closed,Sunday,Closed,(843) 410-8783,44,,Tennessee,138 Rep. John Lewis Way N,,Chucktown Roofing - Nashville,https://www.google.com/maps/search/?api=1&query=Chucktown%20Roofing%20-%20Nashville&query_place_id=ChIJ_Si_GJBnZIgRgeRdyu5AMoI,
"222 2nd Ave S Floor 17, Nashville, TN 37201",Nashville,,en,36.1594274,-86.7733431,Monday,9 AM to 5 PM,Tuesday,9 AM to 5 PM,Wednesday,9 AM to 5 PM,Thursday,9 AM to 5 PM,Friday,9 AM to 5 PM,Saturday,Closed,Sunday,Closed,(615) 247-6464,45,,Tennessee,222 2nd Ave S Floor 17,5.0,Green Star Home Remodeling,https://www.google.com/maps/search/?api=1&query=Green%20Star%20Home%20Remodeling&query_place_id=ChIJy59eQGVnZIgRKNTIVyk7sT8,
"424 Church St, Nashville, TN 37129",Nashville,,en,36.1637872,-86.7800857,,,,,,,,,,,,,,,(615) 238-4670,50,,Tennessee,424 Church St,,Roof Maintenance Inc.,https://www.google.com/maps/search/?api=1&query=Roof%20Maintenance%20Inc.&query_place_id=ChIJ__8PRVhmZIgRPax6UhzlQGQ,
"UBS Tower, 315 Deaderick St, Nashville, TN 37238",Nashville,,en,36.1657076,-86.7800964,,,,,,,,,,,,,,,(615) 433-4001,53,,Tennessee,"UBS Tower, 315 Deaderick St",,Weather Guard Roofing,https://www.google.com/maps/search/?api=1&query=Weather%20Guard%20Roofing&query_place_id=ChIJ-YMxnVdmZIgRr7Jm2XjXF9c,
"3102 West End Ave, Nashville, TN 37203",Nashville,,en,36.1434967,-86.8172432,,,,,,,,,,,,,,,(615) 856-8081,56,,Tennessee,3102 West End Ave,,JJ's Roofing And Masonry,https://www.google.com/maps/search/?api=1&query=JJ's%20Roofing%20And%20Masonry&query_place_id=ChIJnRUo3q1mZIgRG4GExfWPRUc,
"Nashville, TN 37203",Nashville,,en,36.1523805,-86.7893889,,,,,,,,,,,,,,,(615) 564-2536,58,,Tennessee,,,Tennessee Master Restoraton,https://www.google.com/maps/search/?api=1&query=Tennessee%20Master%20Restoraton&query_place_id=ChIJVVVVVYxmZIgRyY6I0B2C53w,
"1200 Broadway, Nashville, TN 37203",Nashville,,en,36.156425,-86.7885784,,,,,,,,,,,,,,,(629) 333-6170,70,,Tennessee,1200 Broadway,,PeakTek,https://www.google.com/maps/search/?api=1&query=PeakTek&query_place_id=ChIJv2iHPfNmZIgROyFITVbStdk,
"Nashville, TN 37210",Nashville,,en,36.1477203,-86.7655106,,,,,,,,,,,,,,,,82,,Tennessee,,5.0,Urban Oasis| Private Rooftop| Close to Everything| Free Parking,https://www.google.com/maps/search/?api=1&query=Urban%20Oasis%7C%20Private%20Rooftop%7C%20Close%20to%20Everything%7C%20Free%20Parking&query_place_id=ChIJO_GyamxmZIgRiwrztE6e6hg,
"Nashville, TN 37208",Nashville,,en,36.1718363,-86.8069698,,,,,,,,,,,,,,,(615) 320-7663,29,,Tennessee,,,Tower Roofing Inc.,https://www.google.com/maps/search/?api=1&query=Tower%20Roofing%20Inc.&query_place_id=ChIJAQAAANxmZIgRhN9Cu7sWSD8,
"1014 Warren St, Nashville, TN 37208",Nashville,,en,36.1716125,-86.7952484,Monday,7 AM to 11 PM,Tuesday,7 AM to 11 PM,Wednesday,7 AM to 11 PM,Thursday,7 AM to 11 PM,Friday,7 AM to 11 PM,Saturday,8 AM to 8 PM,Sunday,8 AM to 8 PM,(423) 522-9663,32,,Tennessee,1014 Warren St,5.0,Guys,https://www.google.com/maps/search/?api=1&query=Guys&query_place_id=ChIJq8015ZNnZIgRocEys-AWDVc,
"107 44th Ave N, Nashville, TN 37209",Nashville,,en,36.1417096,-86.8393951,Monday,8 AM to 5 PM,Tuesday,8 AM to 5 PM,Wednesday,8 AM to 5 PM,Thursday,8 AM to 5 PM,Friday,8 AM to 5 PM,Saturday,Closed,Sunday,Closed,(615) 750-2441,6,,Tennessee,107 44th Ave N,4.6,Echo Construction LLC,https://www.google.com/maps/search/?api=1&query=Echo%20Construction%20LLC&query_place_id=ChIJhTjPYWKJZIgR63IPqdAzJTc,
"4422 Harding Pike, Nashville, TN 37205",Nashville,,en,36.1253181,-86.8471401,,,,,,,,,,,,,,,(970) 222-4940,7,,Tennessee,4422 Harding Pike,5.0,JJ Roofing & Restoration,https://www.google.com/maps/search/?api=1&query=JJ%20Roofing%20%26%20Restoration&query_place_id=ChIJ9TSKX9tjZIgRB1ASd2ucMLg,
"6339 Charlotte Pike, Nashville, TN 37209",Nashville,,en,36.1442516,-86.8721461,Monday,7 AM to 4 PM,Tuesday,7 AM to 4 PM,Wednesday,7 AM to 4 PM,Thursday,7 AM to 4 PM,Friday,7 AM to 4 PM,Saturday,Closed,Sunday,Closed,(844) 765-2755,32,,Tennessee,6339 Charlotte Pike,1.9,Design 1 Solar Group Nashville,https://www.google.com/maps/search/?api=1&query=Design%201%20Solar%20Group%20Nashville&query_place_id=ChIJSxKCr99hZIgRfhN_Gss44p0,
"713 Woodmere Dr, Nashville, TN 37217",Nashville,,en,36.1219419,-86.7135583,,,,,,,,,,,,,,,(615) 609-5504,30,,Tennessee,713 Woodmere Dr,5.0,Wahidi Construction LLC,https://www.google.com/maps/search/?api=1&query=Wahidi%20Construction%20LLC&query_place_id=ChIJ__-TXTBvZIgRbfETx5UiS7c,
"4000 Anderson Rd, Nashville, TN 37217",Nashville,,en,36.1029592,-86.6045608,Monday,Open 24 hours,Tuesday,Open 24 hours,Wednesday,Open 24 hours,Thursday,Open 24 hours,Friday,Open 24 hours,Saturday,Open 24 hours,Sunday,Open 24 hours,(615) 589-9502,6,,Tennessee,4000 Anderson Rd,,Quintanilla roofing,https://www.google.com/maps/search/?api=1&query=Quintanilla%20roofing&query_place_id=ChIJu9L0uvptZIgRLb9S665OFLc,
"2121 Utopia Ave, Nashville, TN 37211",Nashville,,en,36.1279731,-86.7569404,,,,,,,,,,,,,,,(615) 562-6651,38,,Tennessee,2121 Utopia Ave,4.0,PolarSolar Solutions,https://www.google.com/maps/search/?api=1&query=PolarSolar%20Solutions&query_place_id=ChIJvWIF1-NlZIgRMfBOM242e78,
"1000 Lebanon Pike #2, Nashville, TN 37210",Nashville,,en,36.1547271,-86.7392727,,,,,,,,,,,,,,,(615) 244-5531,40,,Tennessee,1000 Lebanon Pike #2,5.0,Eatherly Construction Co,https://www.google.com/maps/search/?api=1&query=Eatherly%20Construction%20Co&query_place_id=ChIJIVkSnp9oZIgREM3MZdicn1E,
"3756 Hillsboro Pike, Nashville, TN 37215",Nashville,,en,36.108767,-86.8111349,Monday,8 AM to 7 PM,Tuesday,8 AM to 7 PM,Wednesday,8 AM to 7 PM,Thursday,8 AM to 7 PM,Friday,8 AM to 7 PM,Saturday,9 AM to 5 PM,Sunday,9 AM to 5 PM,(615) 219-2879,23,,Tennessee,3756 Hillsboro Pike,5.0,Nashville Heating & Air Conditioning,https://www.google.com/maps/search/?api=1&query=Nashville%20Heating%20%26%20Air%20Conditioning&query_place_id=ChIJq6rqhVZvZIgR9iiNFh1OQl0,
"5105 Alabama Ave, Nashville, TN 37209",Nashville,,en,36.1527431,-86.8492098,,,,,,,,,,,,,,,(615) 298-5215,9,,Tennessee,5105 Alabama Ave,1.0,Roofer's Local 176,https://www.google.com/maps/search/?api=1&query=Roofer's%20Local%20176&query_place_id=ChIJBSewSWxhZIgRqaPzDLyOZjE,
,Nashville,,,,,,,,,,,,,,,,,,,,,,,,,TOP COMPETITOR: Don Kennedy Roofing,,https://donkennedyroofing.com/
"108 Hurst Dr, Old Hickory, TN 37138",Old Hickory,,en,36.2530214,-86.6513084,Monday,8 AM to 5 PM,Tuesday,8 AM to 5 PM,Wednesday,8 AM to 5 PM,Thursday,8 AM to 5 PM,Friday,8 AM to 5 PM,Saturday,Closed,Sunday,Closed,(615) 420-0164,52,,Tennessee,108 Hurst Dr,3.0,Stewart Exteriors LLC,https://www.google.com/maps/search/?api=1&query=Stewart%20Exteriors%20LLC&query_place_id=ChIJk7dcRbdBZIgRPPiNvnCEaW0,
,Old Hickory,,,,,,,,,,,,,,,,,,,,,,,,,TOP COMPETITOR: Tim Leeper Roofing,,https://timleeperroofing.com/
,Unknown,,en,36.2010356,-86.903761,Monday,7 AM to 5 PM,Tuesday,7 AM to 5 PM,Wednesday,7 AM to 5 PM,Thursday,7 AM to 5 PM,Friday,7 AM to 5 PM,Saturday,Closed,Sunday,Closed,(615) 456-7863,37,,,,,Capitol Roofing LLC | Roofing middle TN,https://www.google.com/maps/search/?api=1&query=Capitol%20Roofing%20LLC%20%7C%20Roofing%20middle%20TN&query_place_id=ChIJ5S5RY58RWosRMQ6VnFY-N5I,
,Unknown,,en,36.1866404,-86.785147,Monday,9 AM to 6:30 PM,Tuesday,9 AM to 6:30 PM,Wednesday,9 AM to 6:30 PM,Thursday,9 AM to 6:30 PM,Friday,9 AM to 6:30 PM,Saturday,Closed,Sunday,Closed,(615) 685-2399,64,,,,5.0,TRC Roofing - Nashville,https://www.google.com/maps/search/?api=1&query=TRC%20Roofing%20-%20Nashville&query_place_id=ChIJXzocqlNpZIgR-1lmmHO-mc0,
,Unknown,,en,36.1866404,-86.785147,Monday,8 AM to 5 AM,Tuesday,8 AM to 5 AM,Wednesday,8 AM to 5 AM,Thursday,8 AM to 5 AM,Friday,8 AM to 5 AM,Saturday,8 AM to 12 AM,Sunday,Closed,(615) 473-5878,66,,,,,J&K ROOFING,https://www.google.com/maps/search/?api=1&query=J%26K%20ROOFING&query_place_id=ChIJ4xxDxKngxa4R92RNqRDWTyI,
,Unknown,,en,36.2010356,-86.903761,Monday,7 AM to 7 PM,Tuesday,7 AM to 7 PM,Wednesday,7 AM to 7 PM,Thursday,7 AM to 7 PM,Friday,7 AM to 7 PM,Saturday,7 AM to 7 PM,Sunday,7 AM to 7 PM,(615) 589-6185,67,,,,,Nashville Roofing Specialist,https://www.google.com/maps/search/?api=1&query=Nashville%20Roofing%20Specialist&query_place_id=ChIJw7tfuApfZIgREMHstRPm3D4,
,Unknown,,en,36.0828969,-86.6899919,Monday,Open 24 hours,Tuesday,Open 24 hours,Wednesday,Open 24 hours,Thursday,Open 24 hours,Friday,Open 24 hours,Saturday,Open 24 hours,Sunday,Open 24 hours,(502) 468-9817,69,,,,,Max Roofing Nashville,https://www.google.com/maps/search/?api=1&query=Max%20Roofing%20Nashville&query_place_id=ChIJHVxn5x1nZIgRBRFGpLkV17M,
,Unknown,,en,36.103569,-86.9211348,Monday,7 AM to 7 PM,Tuesday,7 AM to 7 PM,Wednesday,7 AM to 7 PM,Thursday,7 AM to 7 PM,Friday,7 AM to 7 PM,Saturday,8 AM to 7 PM,Sunday,9 AM to 7 PM,(262) 664-5729,29,,,,5.0,IPS roofing,https://www.google.com/maps/search/?api=1&query=IPS%20roofing&query_place_id=ChIJzctuP81rxWwRQ5qdm2lcXKw,
,Unknown,,en,36.0120334,-86.614974,Monday,9 AM to 5 PM,Tuesday,9 AM to 5 PM,Wednesday,9 AM to 5 PM,Thursday,9 AM to 5 PM,Friday,9 AM to 5 PM,Saturday,Closed,Sunday,Closed,(615) 241-9779,56,,,,5.0,Quality Roofing TCS,https://www.google.com/maps/search/?api=1&query=Quality%20Roofing%20TCS&query_place_id=ChIJsXt8MgZ7ZIgR5MmCOEgIois,
,Unknown,,en,35.9989784,-86.6994646,Monday,9 AM to 5 PM,Tuesday,9 AM to 5 PM,Wednesday,9 AM to 5 PM,Thursday,9 AM to 5 PM,Friday,9 AM to 5 PM,Saturday,9 AM to 5 PM,Sunday,Closed,(833) 737-3266,58,,,,5.0,Southeastern Roofing Company,https://www.google.com/maps/search/?api=1&query=Southeastern%20Roofing%20Company&query_place_id=ChIJT336zyTmRgcRDzhkLta3s7U,
,Unknown,,en,36.0120334,-86.614974,Monday,8 AM to 6 PM,Tuesday,8 AM to 6 PM,Wednesday,8 AM to 6 PM,Thursday,8 AM to 6 PM,Friday,8 AM to 6 PM,Saturday,9 AM to 6 PM,Sunday,Closed,(615) 892-6200,72,,,,,Nashville Roof Sevices,https://www.google.com/maps/search/?api=1&query=Nashville%20Roof%20Sevices&query_place_id=ChIJx_VuR3ANZIgRXavg8Ufybh0,
,Unknown,,en,36.1866404,-86.785147,Monday,7 AM to 8 PM,Tuesday,7 AM to 8 PM,Wednesday,7 AM to 8 PM,Thursday,7 AM to 8 PM,Friday,7 AM to 8 PM,Saturday,Closed,Sunday,Closed,(615) 403-0154,90,,,,5.0,TennRoof,https://www.google.com/maps/search/?api=1&query=TennRoof&query_place_id=ChIJmwzyAzZuZIgRb3F0eKqpsjk,
,Unknown,,en,36.0120334,-86.614974,Monday,Open 24 hours,Tuesday,Open 24 hours,Wednesday,Open 24 hours,Thursday,Open 24 hours,Friday,Open 24 hours,Saturday,Open 24 hours,Sunday,Open 24 hours,(615) 977-6117,96,,,,5.0,Walter Velazquez Construction Co,https://www.google.com/maps/search/?api=1&query=Walter%20Velazquez%20Construction%20Co&query_place_id=ChIJVyeCAiANZIgR5xljrcZflNg,
,Unknown,,en,36.15633,-86.6046244,Monday,7 AM to 6 PM,Tuesday,7 AM to 6 PM,Wednesday,7 AM to 6 PM,Thursday,7 AM to 6 PM,Friday,7 AM to 6 PM,Saturday,7 AM to 12 PM,Sunday,Closed,(615) 491-6638,97,,,,5.0,All siding construction LLC,https://www.google.com/maps/search/?api=1&query=All%20siding%20construction%20LLC&query_place_id=ChIJ65h9788PZIgRMU4_NLnGpKo,
,Unknown,,en,36.0828969,-86.6899919,Monday,Open 24 hours,Tuesday,Open 24 hours,Wednesday,Open 24 hours,Thursday,Open 24 hours,Friday,Open 24 hours,Saturday,Open 24 hours,Sunday,Open 24 hours,(615) 484-1476,98,,,,1.0,M.A.A. ROOFING LLC,https://www.google.com/maps/search/?api=1&query=M.A.A.%20ROOFING%20LLC&query_place_id=ChIJh6iCN3lq1QIRm-aku2UoTY0,
,Unknown,,en,36.2000832,-86.898258,Monday,7 AM to 7 PM,Tuesday,7 AM to 7 PM,Wednesday,7 AM to 7 PM,Thursday,7 AM to 7 PM,Friday,7 AM to 7 PM,Saturday,7 AM to 7 PM,Sunday,Closed,(615) 955-3068,23,,,,5.0,"MR. Painting of Nashville, LLC",https://www.google.com/maps/search/?api=1&query=MR.%20Painting%20of%20Nashville%2C%20LLC&query_place_id=ChIJZwZWnnNtZIgRixZuU_8iSU0,
,Unknown,,en,36.1866404,-86.785147,Monday,Open 24 hours,Tuesday,Open 24 hours,Wednesday,Open 24 hours,Thursday,Open 24 hours,Friday,Open 24 hours,Saturday,9 AM to 8 PM,Sunday,Open 24 hours,(615) 669-9181,54,,,,5.0,Precision Roofing LLC.,https://www.google.com/maps/search/?api=1&query=Precision%20Roofing%20LLC.&query_place_id=ChIJh3x5ir5nZIgR6GtF8rLgAHY,
,Unknown,,en,36.310114,-86.7459445,Monday,Open 24 hours,Tuesday,Open 24 hours,Wednesday,Open 24 hours,Thursday,Open 24 hours,Friday,Open 24 hours,Saturday,Open 24 hours,Sunday,Open 24 hours,(615) 414-8466,57,,,,3.0,Musgrove Construction LLC,https://www.google.com/maps/search/?api=1&query=Musgrove%20Construction%20LLC&query_place_id=ChIJ__y0PhZDZIgRcKU_vQumwV4,
,Unknown,,en,36.0492214,-86.6899919,Monday,8 AM to 6 PM,Tuesday,8 AM to 6 PM,Wednesday,8 AM to 6 PM,Thursday,8 AM to 6 PM,Friday,8 AM to 6 PM,Saturday,Closed,Sunday,Closed,(615) 982-3032,36,,,,,TN Roofing Pro,https://www.google.com/maps/search/?api=1&query=TN%20Roofing%20Pro&query_place_id=ChIJC1z6KllIkKoRfEJPko4Ck3I,
,Unknown,,en,36.1866404,-86.785147,Monday,7 AM to 7 PM,Tuesday,7 AM to 7 PM,Wednesday,7 AM to 7 PM,Thursday,7 AM to 7 PM,Friday,7 AM to 7 PM,Saturday,9 AM to 5 PM,Sunday,9 AM to 5 PM,(615) 754-7663,102,,,,4.5,Sparkman Roofing & Remodeling,https://www.google.com/maps/search/?api=1&query=Sparkman%20Roofing%20%26%20Remodeling&query_place_id=ChIJ0eEoq5hlZIgRzSLW2z8nlzc,
,Unknown,,en,36.1174399,-86.5876369,Monday,8 AM to 6 PM,Tuesday,8 AM to 6 PM,Wednesday,8 AM to 6 PM,Thursday,8 AM to 6 PM,Friday,8 AM to 6 PM,Saturday,Closed,Sunday,Closed,(615) 779-9973,108,,,,5.0,R&R Construction Group GP,https://www.google.com/maps/search/?api=1&query=R%26R%20Construction%20Group%20GP&query_place_id=ChIJkYbmHJVtZIgR3aiPXp7l2to,
,Unknown,,en,36.1866404,-86.785147,,,,,,,,,,,,,,,(615) 589-5637,113,,,,5.0,JRC CONSTRUCTION LLC,https://www.google.com/maps/search/?api=1&query=JRC%20CONSTRUCTION%20LLC&query_place_id=ChIJbZDF9F1rfa0RblbrC5hd_og,
,Unknown,,en,36.100911,-86.7271325,Monday,7 AM to 8 PM,Tuesday,7 AM to 8 PM,Wednesday,7 AM to 8 PM,Thursday,7 AM to 8 PM,Friday,7 AM to 8 PM,Saturday,7 AM to 8 PM,Sunday,Closed,(615) 715-6863,119,,,,,German HD,https://www.google.com/maps/search/?api=1&query=German%20HD&query_place_id=ChIJEcyw_2tvZIgRwtAmnJ1vBtI,
,Unknown,,en,36.096445,-86.6721535,Monday,Open 24 hours,Tuesday,Open 24 hours,Wednesday,Open 24 hours,Thursday,Open 24 hours,Friday,Open 24 hours,Saturday,Open 24 hours,Sunday,Open 24 hours,(615) 212-9280,84,,,,5.0,Strong Restoration,https://www.google.com/maps/search/?api=1&query=Strong%20Restoration&query_place_id=ChIJyy3PV4jpsIoR1T-SCTcJXdU,
,Unknown,,en,36.135507,-86.650675,Monday,8 AM to 4 PM,Tuesday,8 AM to 4 PM,Wednesday,8 AM to 4 PM,Thursday,8 AM to 4 PM,Friday,8 AM to 4 PM,Saturday,Closed,Sunday,Closed,(615) 355-6699,50,,,,2.6,SmithCo Property Restoration Group,https://www.google.com/maps/search/?api=1&query=SmithCo%20Property%20Restoration%20Group&query_place_id=ChIJoeFAia5qZIgRnvCH3hC36N4,
,Unknown,,en,36.1866404,-86.7514999,Monday,9 AM to 5 PM,Tuesday,9 AM to 5 PM,Wednesday,9 AM to 5 PM,Thursday,9 AM to 5 PM,Friday,9 AM to 5 PM,Saturday,9 AM to 5 PM,Sunday,Closed,(615) 606-4330,36,,,,,Arellano Construction and Development Inc.,https://www.google.com/maps/search/?api=1&query=Arellano%20Construction%20and%20Development%20Inc.&query_place_id=ChIJ6X-Neq2hswIRG8IaM13MrOY,
,Unknown,,en,36.1160054,-86.7971604,Monday,Open 24 hours,Tuesday,Open 24 hours,Wednesday,Open 24 hours,Thursday,Open 24 hours,Friday,Open 24 hours,Saturday,Open 24 hours,Sunday,Closed,(615) 964-0444,81,,,,5.0,All You Need Roofing,https://www.google.com/maps/search/?api=1&query=All%20You%20Need%20Roofing&query_place_id=ChIJnXaobrpVUYgRGVVRCWLd0qs,
,Unknown,,en,36.0828969,-86.6899919,Monday,7 AM to 7 PM,Tuesday,7 AM to 7 PM,Wednesday,7 AM to 7 PM,Thursday,7 AM to 7 PM,Friday,7 AM to 7 PM,Saturday,7 AM to 7 PM,Sunday,7 AM to 7 PM,(629) 243-9670,83,,,,5.0,Milo-Gray Roofing,https://www.google.com/maps/search/?api=1&query=Milo-Gray%20Roofing&query_place_id=ChIJGdcc2Bc4oEkRGi-HoPEFUKQ,
,Unknown,,en,36.1160054,-86.785147,Monday,7 AM to 6 PM,Tuesday,7 AM to 6 PM,Wednesday,7 AM to 6 PM,Thursday,7 AM to 6 PM,Friday,7 AM to 6 PM,Saturday,Closed,Sunday,Closed,(615) 610-4790,90,,,,,Exterior Solutions Roofing and Guttering,https://www.google.com/maps/search/?api=1&query=Exterior%20Solutions%20Roofing%20and%20Guttering&query_place_id=ChIJ8QvdZAtnZIgRj2ekuYmN3u0,
,Unknown,,en,36.1866404,-86.785246,Monday,Open 24 hours,Tuesday,Open 24 hours,Wednesday,Open 24 hours,Thursday,Open 24 hours,Friday,Open 24 hours,Saturday,Open 24 hours,Sunday,Open 24 hours,(615) 880-6200,91,,,,5.0,Nashville Roofing Pros,https://www.google.com/maps/search/?api=1&query=Nashville%20Roofing%20Pros&query_place_id=ChIJo5Rub7NnZIgRvwt3SPijQxQ,
,Unknown,,en,36.1866404,-86.785147,Monday,Open 24 hours,Tuesday,Open 24 hours,Wednesday,Open 24 hours,Thursday,Open 24 hours,Friday,Open 24 hours,Saturday,Open 24 hours,Sunday,Closed,(615) 506-2565,94,,,,5.0,Weather Ready Roofing LLC,https://www.google.com/maps/search/?api=1&query=Weather%20Ready%20Roofing%20LLC&query_place_id=ChIJvRZJoA2hI4oR6Ud1y1VEqt8,
,Unknown,,en,36.2159573,-86.6364867,Monday,8 AM to 4 PM,Tuesday,8 AM to 4 PM,Wednesday,8 AM to 4 PM,Thursday,8 AM to 4 PM,Friday,8 AM to 4 PM,Saturday,Closed,Sunday,Closed,(615) 566-6210,95,,,,,Sievers and Sons Home Builders,https://www.google.com/maps/search/?api=1&query=Sievers%20and%20Sons%20Home%20Builders&query_place_id=ChIJRzTp3lbXU4gRzA-j1t8OaVs,
,Unknown,,en,36.1866404,-86.785147,Monday,7 AM to 4:30 PM,Tuesday,7 AM to 4:30 PM,Wednesday,7 AM to 4:30 PM,Thursday,7 AM to 4:30 PM,Friday,7 AM to 4:30 PM,Saturday,7 AM to 4:30 PM,Sunday,9 AM to 5 PM,(615) 205-9405,99,,,,4.6,Sparrow Heating & Cooling,https://www.google.com/maps/search/?api=1&query=Sparrow%20Heating%20%26%20Cooling&query_place_id=ChIJ2Uv3jQRnZIgR1hN_2Z4a-E0,
,Unknown,,en,36.1866404,-86.785147,Monday,Open 24 hours,Tuesday,Open 24 hours,Wednesday,Open 24 hours,Thursday,Open 24 hours,Friday,Open 24 hours,Saturday,Open 24 hours,Sunday,Open 24 hours,(629) 777-3979,108,,,,,Roof Revivers,https://www.google.com/maps/search/?api=1&query=Roof%20Revivers&query_place_id=ChIJhWn1-69mZIgRCwDMdAT9Wwo,
,Unknown,,en,36.076079,-86.901045,Monday,7 AM to 7 PM,Tuesday,7 AM to 7 PM,Wednesday,7 AM to 7 PM,Thursday,7 AM to 7 PM,Friday,7 AM to 7 PM,Saturday,7 AM to 7 PM,Sunday,7 AM to 7 PM,(615) 600-8800,110,,,,5.0,TRC Contractors,https://www.google.com/maps/search/?api=1&query=TRC%20Contractors&query_place_id=ChIJNQt3Vah-D6gRrCb4CFSXQyw,
,Unknown,,en,36.1866404,-86.785147,Monday,Open 24 hours,Tuesday,Open 24 hours,Wednesday,Open 24 hours,Thursday,Open 24 hours,Friday,Open 24 hours,Saturday,Open 24 hours,Sunday,Open 24 hours,(615) 752-4487,113,,,,5.0,Blackwater Restoration,https://www.google.com/maps/search/?api=1&query=Blackwater%20Restoration&query_place_id=ChIJr8TxJkhrgQIRGOx5dmNNU2E,
,Unknown,,en,36.1866404,-86.785147,Monday,8 AM to 6 PM,Tuesday,8 AM to 6 PM,Wednesday,8 AM to 6 PM,Thursday,8 AM to 6 PM,Friday,8 AM to 6 PM,Saturday,8 AM to 6 PM,Sunday,Closed,(615) 590-3200,116,,,,,My Roofing Advocate Nashville,https://www.google.com/maps/search/?api=1&query=My%20Roofing%20Advocate%20Nashville&query_place_id=ChIJ519ryGJnZIgRYRNxbmkVXis,
,Unknown,,en,36.1866404,-86.785147,Monday,Open 24 hours,Tuesday,Open 24 hours,Wednesday,Open 24 hours,Thursday,Open 24 hours,Friday,Open 24 hours,Saturday,Open 24 hours,Sunday,Open 24 hours,(615) 505-7663,118,,,,,QE Restoration & Roofing,https://www.google.com/maps/search/?api=1&query=QE%20Restoration%20%26%20Roofing&query_place_id=ChIJaRd2e35nZIgRPKnXRo418Jo,
,Unknown,,en,36.1866404,-86.785147,Monday,7 AM to 5 PM,Tuesday,7 AM to 5 PM,Wednesday,7 AM to 5 PM,Thursday,7 AM to 5 PM,Friday,7 AM to 5 PM,Saturday,7 AM to 5 PM,Sunday,Closed,(615) 779-0092,122,,,,,Pedro Framing and Construction,https://www.google.com/maps/search/?api=1&query=Pedro%20Framing%20and%20Construction&query_place_id=ChIJdYb9gaW7vScRPu2wJ34Ewqw,
,Unknown,,en,36.2010356,-86.903761,Monday,8 AM to 5 PM,Tuesday,8 AM to 5 PM,Wednesday,8 AM to 5 PM,Thursday,8 AM to 5 PM,Friday,8 AM to 5 PM,Saturday,Closed,Sunday,Closed,(615) 928-6222,40,,,,5.0,Tru Construction,https://www.google.com/maps/search/?api=1&query=Tru%20Construction&query_place_id=ChIJ5SWn9NtnZIgR-vvbzktR0WE,
,Unknown,,en,36.1160054,-86.785147,Monday,Open 24 hours,Tuesday,Open 24 hours,Wednesday,Open 24 hours,Thursday,Open 24 hours,Friday,Open 24 hours,Saturday,Open 24 hours,Sunday,Closed,(615) 405-7001,29,,,,,Universal Landscaping,https://www.google.com/maps/search/?api=1&query=Universal%20Landscaping&query_place_id=ChIJ20lulbBZgmkRgRSZXimd6IU,
,Unknown,,en,36.1866404,-86.785147,Monday,7 AM to 7 PM,Tuesday,7 AM to 7 PM,Wednesday,7 AM to 7 PM,Thursday,7 AM to 7 PM,Friday,7 AM to 7 PM,Saturday,7 AM to 7 PM,Sunday,7 AM to 7 PM,,34,,,,5.0,Titan Roofing,https://www.google.com/maps/search/?api=1&query=Titan%20Roofing&query_place_id=ChIJ33yZU8ML52URER2u9TPEBRs,
,Unknown,,en,36.1866404,-86.785147,Monday,Open 24 hours,Tuesday,Open 24 hours,Wednesday,Open 24 hours,Thursday,Open 24 hours,Friday,Open 24 hours,Saturday,Open 24 hours,Sunday,Open 24 hours,(615) 715-4509,17,,,,3.1,Accurate Bullie Roofing & Construction,https://www.google.com/maps/search/?api=1&query=Accurate%20Bullie%20Roofing%20%26%20Construction&query_place_id=ChIJo6QVavtlZIgRN1YXIe69p0I,
,Unknown,,,,,,,,,,,,,,,,,,,,,,,,,TOP COMPETITOR: Bill Ragan Roofing,,https://www.billraganroofing.com/
"4139 Vester Rd, Whites Creek, TN 37189",Whites Creek,,en,36.2460639,-86.846564,Monday,7 AM to 8 PM,Tuesday,7 AM to 8 PM,Wednesday,7 AM to 8 PM,Thursday,7 AM to 8 PM,Friday,7 AM to 8 PM,Saturday,7 AM to 8 PM,Sunday,7 AM to 8 PM,(334) 300-7487,3,,Tennessee,4139 Vester Rd,4.9,SEE FOAM Insulation,https://www.google.com/maps/search/?api=1&query=SEE%20FOAM%20Insulation&query_place_id=ChIJU0kA39WPjogR-kFTOyG1Jns,
,Whites Creek,,,,,,,,,,,,,,,,,,,,,,,,,TOP COMPETITOR: Centennial Roofing,,https://www.betterroof.com/
