"﻿""address""",city,description,language,location/lat,location/lng,openingHours/0/day,openingHours/0/hours,openingHours/1/day,openingHours/1/hours,openingHours/2/day,openingHours/2/hours,openingHours/3/day,openingHours/3/hours,openingHours/4/day,openingHours/4/hours,openingHours/5/day,openingHours/5/hours,openingHours/6/day,openingHours/6/hours,phone,rank,price,state,street,totalScore,title,url,Competitor Website
,,,en,29.836095,-95.46119,Monday,7 AM to 6 PM,Tuesday,7 AM to 6 PM,Wednesday,7 AM to 6 PM,Thursday,7 AM to 6 PM,Friday,7 AM to 6 PM,Saturday,7 AM to 6 PM,Sunday,Closed,(832) 479-1018,59,,,,,"1 Plus Texas Remodeling, LLC",https://www.google.com/maps/search/?api=1&query=1%20Plus%20Texas%20Remodeling%2C%20LLC&query_place_id=ChIJp_qBH0FSfmQR9RJ9xxD5dbo,https://www.elevationroofing.com/
,,,en,29.6975606,-95.487679,Monday,Open 24 hours,Tuesday,Open 24 hours,Wednesday,Open 24 hours,Thursday,Open 24 hours,Friday,Open 24 hours,Saturday,Open 24 hours,Sunday,Open 24 hours,(281) 805-4207,25,,,,5,24 Hour Mold Pros,https://www.google.com/maps/search/?api=1&query=24%20Hour%20Mold%20Pros&query_place_id=ChIJ015oy1AJw2oR1Lgbas4xvuE,
,,,en,29.836095,-95.46119,Monday,Open 24 hours,Tuesday,Open 24 hours,Wednesday,Open 24 hours,Thursday,Open 24 hours,Friday,Open 24 hours,Saturday,Open 24 hours,Sunday,Closed,(832) 316-8495,88,,,,,A. H,https://www.google.com/maps/search/?api=1&query=A.%20H&query_place_id=ChIJQ_OcmBKZQIYRQrAWVGSt_Fw,
,,,en,29.8715404,-95.465351,Monday,7 AM to 7 PM,Tuesday,7 AM to 7 PM,Wednesday,7 AM to 7 PM,Thursday,7 AM to 7 PM,Friday,7 AM to 7 PM,Saturday,7 AM to 7 PM,Sunday,Closed,(281) 803-8129,108,,,,5,A.D’S HOME IMPROVEMENT,https://www.google.com/maps/search/?api=1&query=A.D%E2%80%99S%20HOME%20IMPROVEMENT&query_place_id=ChIJK0qt4AZc9okRx8tkBaij38c,
,,,en,29.836095,-95.46119,Monday,8 AM to 5 PM,Tuesday,8 AM to 5 PM,Wednesday,8 AM to 5 PM,Thursday,8 AM to 5 PM,Friday,8 AM to 5 PM,Saturday,8 AM to 5 PM,Sunday,Closed,(713) 754-0618,35,,,,,AA Soto Roofing,https://www.google.com/maps/search/?api=1&query=AA%20Soto%20Roofing&query_place_id=ChIJhzXKclz0rCIRf3zMg2eunI4,
,,,en,29.8339515,-95.4346126,Monday,7 AM to 9 PM,Tuesday,7 AM to 9 PM,Wednesday,7 AM to 9 PM,Thursday,7 AM to 9 PM,Friday,7 AM to 9 PM,Saturday,7 AM to 9 PM,Sunday,7 AM to 9 PM,(832) 415-0767,31,,,,1,AM Roofing,https://www.google.com/maps/search/?api=1&query=AM%20Roofing&query_place_id=ChIJTY4eeK8VdA4RBAfKYzJl0jA,
,,,en,29.834215,-95.465351,Monday,7 AM to 7 PM,Tuesday,7 AM to 7 PM,Wednesday,7 AM to 7 PM,Thursday,7 AM to 7 PM,Friday,7 AM to 7 PM,Saturday,8 AM to 5 PM,Sunday,Closed,(832) 573-8954,55,,,,5,AZ Roofing & Painting,https://www.google.com/maps/search/?api=1&query=AZ%20Roofing%20%26%20Painting&query_place_id=ChIJdfRxCz-vYWcRQ2Gf6CHnTjs,
,,,en,29.61169,-95.2709815,Monday,Open 24 hours,Tuesday,Open 24 hours,Wednesday,Open 24 hours,Thursday,Open 24 hours,Friday,Open 24 hours,Saturday,Open 24 hours,Sunday,Open 24 hours,(832) 498-4466,69,,,,5,Aguirres Roofing and Siding,https://www.google.com/maps/search/?api=1&query=Aguirres%20Roofing%20and%20Siding&query_place_id=ChIJdbO8SkWZQIYRNPE1g-KTXV0,
,,,en,29.836095,-95.46119,Monday,7 AM to 9 PM,Tuesday,7 AM to 9 PM,Wednesday,7 AM to 9 PM,Thursday,7 AM to 9 PM,Friday,7 AM to 9 PM,Saturday,7 AM to 9 PM,Sunday,Closed,,94,,,,5,Alexander Roofing.,https://www.google.com/maps/search/?api=1&query=Alexander%20Roofing.&query_place_id=ChIJ9WmVT7O5QIYRyKSCYXYXRhw,
,,,en,29.836095,-95.46119,Monday,9 AM to 7 PM,Tuesday,9 AM to 7 PM,Wednesday,9 AM to 7 PM,Thursday,9 AM to 7 PM,Friday,9 AM to 7 PM,Saturday,9 AM to 7 PM,Sunday,Closed,(239) 299-5257,35,,,,4.8,Alexander roofing,https://www.google.com/maps/search/?api=1&query=Alexander%20roofing&query_place_id=ChIJoyX1V1lb4QMRE71iME7EVH0,
,,,en,29.6490154,-95.2709815,Monday,8 AM to 5 PM,Tuesday,8 AM to 5 PM,Wednesday,8 AM to 5 PM,Thursday,8 AM to 5 PM,Friday,8 AM to 5 PM,Saturday,8 AM to 5 PM,Sunday,Closed,(832) 721-5309,114,,,,,All Source Roofing Services,https://www.google.com/maps/search/?api=1&query=All%20Source%20Roofing%20Services&query_place_id=ChIJ91VWmiClQIYRqMn5gTy_0z0,
,,,en,29.836095,-95.46119,Monday,7 AM to 7 PM,Tuesday,7 AM to 7 PM,Wednesday,7 AM to 7 PM,Thursday,7 AM to 7 PM,Friday,7 AM to 7 PM,Saturday,8 AM to 12 PM,Sunday,Closed,(713) 398-0286,86,,,,,Amaya Roofing,https://www.google.com/maps/search/?api=1&query=Amaya%20Roofing&query_place_id=ChIJX9ugNa2k4mwRbVkrb-m3pOA,
,,,en,29.836095,-95.46119,Monday,9 AM to 5 PM,Tuesday,9 AM to 5 PM,Wednesday,9 AM to 5 PM,Thursday,9 AM to 5 PM,Friday,9 AM to 5 PM,Saturday,Closed,Sunday,Closed,(832) 875-4568,33,,,,5,American 3rd Coast Renovators,https://www.google.com/maps/search/?api=1&query=American%203rd%20Coast%20Renovators&query_place_id=ChIJPQrCzjzDQIYR1Fq9TNiR6FI,
,,,en,29.836095,-95.46119,Monday,Open 24 hours,Tuesday,Open 24 hours,Wednesday,Open 24 hours,Thursday,Open 24 hours,Friday,Open 24 hours,Saturday,Open 24 hours,Sunday,Closed,(832) 483-7121,118,,,,,Antonio's roofing,https://www.google.com/maps/search/?api=1&query=Antonio's%20roofing&query_place_id=ChIJB_KvsRXxNKERL6W-3Pnu8_w,
,,,en,29.7777704,-95.4850744,Monday,Open 24 hours,Tuesday,Open 24 hours,Wednesday,Open 24 hours,Thursday,Open 24 hours,Friday,Open 24 hours,Saturday,Open 24 hours,Sunday,Open 24 hours,(832) 536-5618,31,,,,,Bell Roofing & Solar Providers Houston,https://www.google.com/maps/search/?api=1&query=Bell%20Roofing%20%26%20Solar%20Providers%20Houston&query_place_id=ChIJe27BveTHQIYR0eBShB7sOd8,
,,,en,29.61169,-95.2709815,Monday,Open 24 hours,Tuesday,Open 24 hours,Wednesday,Open 24 hours,Thursday,Open 24 hours,Friday,Open 24 hours,Saturday,Open 24 hours,Sunday,Open 24 hours,(832) 581-0555,107,,,,5,C & G Remodeling!,https://www.google.com/maps/search/?api=1&query=C%20%26%20G%20Remodeling!&query_place_id=ChIJA_fW4Vb-8IoRunEmNAMvAMw,
,,,en,29.7739925,-95.4539135,Monday,9 AM to 5 PM,Tuesday,9 AM to 5 PM,Wednesday,9 AM to 5 PM,Thursday,9 AM to 5 PM,Friday,9 AM to 5 PM,Saturday,9 AM to 5 PM,Sunday,9 AM to 5 PM,(346) 705-7503,94,,,,,C & L Contractors,https://www.google.com/maps/search/?api=1&query=C%20%26%20L%20Contractors&query_place_id=ChIJOdwST5RQ4WgRtQAFEOz6u2E,
,,,en,29.836095,-95.46119,,,,,,,,,,,,,,,(832) 526-9775,107,,,,,CV roofing and construction,https://www.google.com/maps/search/?api=1&query=CV%20roofing%20and%20construction&query_place_id=ChIJG6bkJ-TPQIYRzH5CFqY3cP4,
,,,en,29.80711,-95.46119,Monday,9 AM to 5 PM,Tuesday,9 AM to 5 PM,Wednesday,9 AM to 5 PM,Thursday,9 AM to 5 PM,Friday,9 AM to 5 PM,Saturday,Closed,Sunday,Closed,(832) 723-9715,79,,,,1,Campaign Renovation,https://www.google.com/maps/search/?api=1&query=Campaign%20Renovation&query_place_id=ChIJncMQAIXtQIYRaLixV6eevVs,
,,,en,29.836095,-95.46119,,,,,,,,,,,,,,,(281) 747-9952,24,,,,,Creative Roofing & Restoration,https://www.google.com/maps/search/?api=1&query=Creative%20Roofing%20%26%20Restoration&query_place_id=ChIJuVaLMjvDQIYRxwC5CTNNj_4,
,,,en,29.8339515,-95.4346126,Monday,8 AM to 5 PM,Tuesday,8 AM to 5 PM,Wednesday,8 AM to 5 PM,Thursday,8 AM to 5 PM,Friday,8 AM to 5 PM,Saturday,8 AM to 5 PM,Sunday,8 AM to 5 PM,(832) 646-2353,98,,,,,DDC Construction,https://www.google.com/maps/search/?api=1&query=DDC%20Construction&query_place_id=ChIJpU72-xPFQIYRzddOd4ALX3g,
,,,en,29.836095,-95.46119,Monday,7 AM to 8 PM,Tuesday,7 AM to 8 PM,Wednesday,7 AM to 8 PM,Thursday,7 AM to 8 PM,Friday,7 AM to 8 PM,Saturday,7 AM to 8 PM,Sunday,Closed,(281) 513-3434,91,,,,,De Linares Roofing,https://www.google.com/maps/search/?api=1&query=De%20Linares%20Roofing&query_place_id=ChIJ9yd4Qwg4liIR2xizgqtWn_8,
,,,en,29.6975606,-95.55035,Monday,7 AM to 6 PM,Tuesday,7 AM to 6 PM,Wednesday,7 AM to 6 PM,Thursday,7 AM to 6 PM,Friday,7 AM to 6 PM,Saturday,7 AM to 6 PM,Sunday,7 AM to 6 PM,(281) 825-1770,93,,,,4.3,Dragon Construction,https://www.google.com/maps/search/?api=1&query=Dragon%20Construction&query_place_id=ChIJVY8OJn6xQIYRDQ8faEdv-tg,
,,,en,29.80711,-95.46119,Monday,7 AM to 7 PM,Tuesday,7 AM to 7 PM,Wednesday,7 AM to 7 PM,Thursday,7 AM to 7 PM,Friday,7 AM to 7 PM,Saturday,7 AM to 7 PM,Sunday,Closed,(713) 873-1797,93,,,,5,E.A.E Renovations,https://www.google.com/maps/search/?api=1&query=E.A.E%20Renovations&query_place_id=ChIJzZTh3aTpQIYR2SEVbPG9cRI,
,,,en,29.8339515,-95.4346126,Monday,9 AM to 9 PM,Tuesday,9 AM to 9 PM,Wednesday,9 AM to 9 PM,Thursday,9 AM to 9 PM,Friday,9 AM to 9 PM,Saturday,Closed,Sunday,Closed,(346) 606-1944,99,,,,5,Eddie’s Roofing,https://www.google.com/maps/search/?api=1&query=Eddie%E2%80%99s%20Roofing&query_place_id=ChIJBezxcCylQIYRmoUGe6bRJ7k,
,,,en,29.836095,-95.46119,Monday,Open 24 hours,Tuesday,Open 24 hours,Wednesday,Open 24 hours,Thursday,Open 24 hours,Friday,Open 24 hours,Saturday,Open 24 hours,Sunday,Closed,(832) 907-1480,117,,,,,Edgar roofing,https://www.google.com/maps/search/?api=1&query=Edgar%20roofing&query_place_id=ChIJcUMM5FmjQIYRsjFOuOZwGgY,
,,,en,29.8339515,-95.4346126,,,,,,,,,,,,,,,(713) 385-6321,31,,,,4.8,Framing & Siding Construction,https://www.google.com/maps/search/?api=1&query=Framing%20%26%20Siding%20Construction&query_place_id=ChIJFdqzSxOxQIYRYywhsiV4KCk,
,,,en,29.6975606,-95.487679,Monday,7 AM to 8 PM,Tuesday,7 AM to 8 PM,Wednesday,7 AM to 8 PM,Thursday,7 AM to 8 PM,Friday,7 AM to 8 PM,Saturday,7 AM to 8 PM,Sunday,Closed,(713) 254-6842,96,,,,,Frontline Roofing,https://www.google.com/maps/search/?api=1&query=Frontline%20Roofing&query_place_id=ChIJ6V3qG2THQIYRfESmQbkgmfM,
,,,en,29.61169,-95.2668205,Monday,8 AM to 6 PM,Tuesday,8 AM to 6 PM,Wednesday,8 AM to 6 PM,Thursday,8 AM to 6 PM,Friday,8 AM to 6 PM,Saturday,9 AM to 5 PM,Sunday,Closed,(713) 287-0308,91,,,,4.9,GOOD FAITH CONSTRUCTION LLC HTX,https://www.google.com/maps/search/?api=1&query=GOOD%20FAITH%20CONSTRUCTION%20LLC%20HTX&query_place_id=ChIJVWkqSni9QIYROVOYPR0sGbY,
,,,en,29.836095,-95.46119,Monday,7 AM to 10 PM,Tuesday,7 AM to 10 PM,Wednesday,7 AM to 10 PM,Thursday,7 AM to 10 PM,Friday,7 AM to 10 PM,Saturday,7 AM to 4 PM,Sunday,Closed,(832) 876-4120,75,,,,1,GSG roofing interior & exterior,https://www.google.com/maps/search/?api=1&query=GSG%20roofing%20interior%20%26%20exterior&query_place_id=ChIJJUXzMhNWKYERgceJcMHHOGw,
,,,en,29.836095,-95.46119,Monday,Open 24 hours,Tuesday,Open 24 hours,Wednesday,Open 24 hours,Thursday,Open 24 hours,Friday,Open 24 hours,Saturday,Open 24 hours,Sunday,Closed,(832) 361-5897,93,,,,5,Golden Brick Construction Group LLC,https://www.google.com/maps/search/?api=1&query=Golden%20Brick%20Construction%20Group%20LLC&query_place_id=ChIJQREqP_fGbI0RHT6P0Rj0OZ0,
,,,en,29.836095,-95.46119,Monday,7 AM to 5 PM,Tuesday,9 AM to 5 PM,Wednesday,9 AM to 5 PM,Thursday,9 AM to 5 PM,Friday,9 AM to 5 PM,Saturday,7 AM to 5 PM,Sunday,Closed,(713) 252-7002,111,,,,5,HENRIQUEZ CONSTRUCTION LLC,https://www.google.com/maps/search/?api=1&query=HENRIQUEZ%20CONSTRUCTION%20LLC&query_place_id=ChIJG-llyvongq8RtvwtevUMK00,
,,,en,29.836095,-95.46119,Monday,8 AM to 8 PM,Tuesday,8 AM to 8 PM,Wednesday,8 AM to 8 PM,Thursday,8 AM to 8 PM,Friday,8 AM to 8 PM,Saturday,9 AM to 7 PM,Sunday,Closed,(346) 486-0955,54,,,,,Hart Roofing,https://www.google.com/maps/search/?api=1&query=Hart%20Roofing&query_place_id=ChIJ9VOnUPDmG44Rnki2r4M3PTk,
,,,en,29.836095,-95.46119,,,,,,,,,,,,,,,(832) 773-0979,27,,,,3,Hockley Roofing Services,https://www.google.com/maps/search/?api=1&query=Hockley%20Roofing%20Services&query_place_id=ChIJZw8T2hktQYYRBwGTXW4yj_E,
,,,en,29.8595346,-95.319088,Monday,9 AM to 6 PM,Tuesday,9 AM to 6 PM,Wednesday,9 AM to 6 PM,Thursday,9 AM to 6 PM,Friday,9 AM to 6 PM,Saturday,10 AM to 4:30 PM,Sunday,Closed,,93,,,,5,Houston NEXGEN ROOFING,https://www.google.com/maps/search/?api=1&query=Houston%20NEXGEN%20ROOFING&query_place_id=ChIJQcW9p9wKdCgRufOHrrbZtcE,
,,,en,29.8339515,-95.4346126,Monday,7 AM to 7 PM,Tuesday,7 AM to 7 PM,Wednesday,7 AM to 7 PM,Thursday,7 AM to 7 PM,Friday,7 AM to 7 PM,Saturday,10 AM to 4 PM,Sunday,Closed,(713) 933-5951,102,,,,1.5,Ibarra Roofing,https://www.google.com/maps/search/?api=1&query=Ibarra%20Roofing&query_place_id=ChIJD1b5awCkQIYRhThom47kofo,
,,,en,29.7437931,-95.2709815,Monday,7 AM to 7 PM,Tuesday,7 AM to 7 PM,Wednesday,7 AM to 7 PM,Thursday,7 AM to 7 PM,Friday,7 AM to 7 PM,Saturday,7 AM to 7 PM,Sunday,Closed,(713) 530-3977,77,,,,1,JM Roofing,https://www.google.com/maps/search/?api=1&query=JM%20Roofing&query_place_id=ChIJV6idjK8EsU4RwF8DXT8l0u8,
,,,en,29.836095,-95.46119,Monday,6 AM to 8 PM,Tuesday,6 AM to 8 PM,Wednesday,6 AM to 8 PM,Thursday,6 AM to 8 PM,Friday,6 AM to 8 PM,Saturday,6 AM to 8 PM,Sunday,Closed,(832) 951-7070,103,,,,,Jaguar Roofing,https://www.google.com/maps/search/?api=1&query=Jaguar%20Roofing&query_place_id=ChIJs1jlzSfrQIYRWyUj2eHMcLc,
,,,en,29.791965,-95.4580745,Monday,6 AM to 6 PM,Tuesday,6 AM to 6 PM,Wednesday,6 AM to 6 PM,Thursday,6 AM to 6 PM,Friday,6 AM to 6 PM,Saturday,6 AM to 6 PM,Sunday,7 AM to 5 PM,,80,,,,4.6,Jose's Remodeling,https://www.google.com/maps/search/?api=1&query=Jose's%20Remodeling&query_place_id=ChIJJww7EoqWayARHMCn7WDXbvU,
,,,en,29.836095,-95.46119,Monday,"12 to 6 AM, 8 AM to 12 AM",Tuesday,"12 to 6 AM, 8 AM to 12 AM",Wednesday,"12 to 6 AM, 8 AM to 12 AM",Thursday,"12 to 6 AM, 8 AM to 12 AM",Friday,"12 to 6 AM, 8 AM to 12 AM",Saturday,"12 to 6 AM, 8 AM to 12 AM",Sunday,"12 to 6 AM, 8 AM to 12 AM",(832) 213-9042,25,,,,5,King cobra Roofing,https://www.google.com/maps/search/?api=1&query=King%20cobra%20Roofing&query_place_id=ChIJX-wzpFrDQIYRfcxmdxk-fmk,
,,,en,29.836095,-95.46119,Monday,8 AM to 5 PM,Tuesday,8 AM to 5 PM,Wednesday,8 AM to 5 PM,Thursday,8 AM to 5 PM,Friday,8 AM to 5 PM,Saturday,8 AM to 5 PM,Sunday,Closed,(936) 249-7612,68,,,,4.8,LLA Roofing,https://www.google.com/maps/search/?api=1&query=LLA%20Roofing&query_place_id=ChIJ0VMHYo16D0kR4YbkZjhcWps,
,,,en,29.8266774,-95.465351,Monday,8 AM to 6 PM,Tuesday,8 AM to 6 PM,Wednesday,8 AM to 6 PM,Thursday,8 AM to 6 PM,Friday,8 AM to 6 PM,Saturday,9 AM to 4 PM,Sunday,Closed,(713) 859-1572,96,,,,,LNE Construction LLC,https://www.google.com/maps/search/?api=1&query=LNE%20Construction%20LLC&query_place_id=ChIJJxz3xpQgL4cR5KBZ6YhfnPQ,
,,,en,29.836095,-95.46119,Monday,Open 24 hours,Tuesday,Open 24 hours,Wednesday,Open 24 hours,Thursday,Open 24 hours,Friday,Open 24 hours,Saturday,Open 24 hours,Sunday,Closed,(832) 718-0145,71,,,,5,LUMARK Roofing and Construction LLC,https://www.google.com/maps/search/?api=1&query=LUMARK%20Roofing%20and%20Construction%20LLC&query_place_id=ChIJMS9UbOfJfGERDMaWXi-HgXE,
,,,en,29.836095,-95.46119,Monday,7 AM to 6:45 PM,Tuesday,7 AM to 6:45 PM,Wednesday,7 AM to 6:45 PM,Thursday,7 AM to 7 PM,Friday,"12 to 6 AM, 7 AM to 12 AM",Saturday,7 AM to 6:45 PM,Sunday,Closed,(281) 509-3345,97,,,,,Lucy's Roofers,https://www.google.com/maps/search/?api=1&query=Lucy's%20Roofers&query_place_id=ChIJJwb627HJQIYRjPSsNoKSLy8,
,,,en,29.709249,-95.535759,Monday,5 AM to 5 PM,Tuesday,5 AM to 5 PM,Wednesday,5 AM to 5 PM,Thursday,5 AM to 5 PM,Friday,5 AM to 5 PM,Saturday,5 AM to 5 PM,Sunday,Closed,(832) 552-5009,107,,,,,M.C. Roofing & Remodeling,https://www.google.com/maps/search/?api=1&query=M.C.%20Roofing%20%26%20Remodeling&query_place_id=ChIJ1YUJUDbXRicR4g6XHMjKqRI,
,,,en,29.8339515,-95.4346126,Monday,8 AM to 5 PM,Tuesday,8 AM to 5 PM,Wednesday,8 AM to 5 PM,Thursday,8 AM to 5 PM,Friday,8 AM to 5 PM,Saturday,9 AM to 12 PM,Sunday,Closed,(832) 771-8764,84,,,,1,MPJ Roofing and Remodeling LLC,https://www.google.com/maps/search/?api=1&query=MPJ%20Roofing%20and%20Remodeling%20LLC&query_place_id=ChIJ26r67_7HQIYRlWYXPwzyoWQ,
,,,en,29.836095,-95.46119,Monday,Open 24 hours,Tuesday,Open 24 hours,Wednesday,Open 24 hours,Thursday,Open 24 hours,Friday,Open 24 hours,Saturday,Open 24 hours,Sunday,Open 24 hours,(713) 259-0474,81,,,,5,Major League Roofing,https://www.google.com/maps/search/?api=1&query=Major%20League%20Roofing&query_place_id=ChIJ24nNOku5QIYRl1kb_IwN38M,
,,,en,29.836095,-95.46119,Monday,6:30 AM to 5 PM,Tuesday,6:30 AM to 5 PM,Wednesday,6:30 AM to 5 PM,Thursday,6:30 AM to 5 PM,Friday,6:30 AM to 5 PM,Saturday,Closed,Sunday,Closed,(713) 259-0474,104,,,,,Major League Roofing,https://www.google.com/maps/search/?api=1&query=Major%20League%20Roofing&query_place_id=ChIJ3c9OpcxxPSIRB3u2nkBZxoQ,
,,,en,29.8266774,-95.3835195,Monday,7 AM to 10 PM,Tuesday,7 AM to 10 PM,Wednesday,7 AM to 10 PM,Thursday,7 AM to 10 PM,Friday,7 AM to 10 PM,Saturday,7 AM to 10 PM,Sunday,7 AM to 10 PM,(281) 669-7214,88,,,,5,Masters League Roofing LLC,https://www.google.com/maps/search/?api=1&query=Masters%20League%20Roofing%20LLC&query_place_id=ChIJ4TJ904-Tm64RiTvyi_PEEyM,
,,,en,29.836095,-95.46119,Monday,8 AM to 5 PM,Tuesday,8 AM to 5 PM,Wednesday,8 AM to 5 PM,Thursday,8 AM to 5 PM,Friday,8 AM to 5 PM,Saturday,Closed,Sunday,Closed,(713) 424-5910,58,,,,,Multitech,https://www.google.com/maps/search/?api=1&query=Multitech&query_place_id=ChIJW4idOxOK9msR4ENYI1v6rHc,
,,,en,29.80711,-95.46119,Monday,Open 24 hours,Tuesday,Open 24 hours,Wednesday,Open 24 hours,Thursday,Open 24 hours,Friday,Open 24 hours,Saturday,Open 24 hours,Sunday,Open 24 hours,(346) 325-6511,65,,,,3.4,Myers & Myers General Contractors LLC,https://www.google.com/maps/search/?api=1&query=Myers%20%26%20Myers%20General%20Contractors%20LLC&query_place_id=ChIJhadlVPG5QIYR0FIntMbo4_E,
,,,en,29.8339515,-95.4346126,Monday,8 AM to 6 PM,Tuesday,8 AM to 6 PM,Wednesday,8 AM to 6 PM,Thursday,8 AM to 6 PM,Friday,8 AM to 6 PM,Saturday,Closed,Sunday,Closed,(281) 907-2808,64,,,,3.7,Onsite Construction Services,https://www.google.com/maps/search/?api=1&query=Onsite%20Construction%20Services&query_place_id=ChIJy3bsEBAxR4YRere7E3kwi-c,
,,,en,29.8053234,-95.474209,Monday,Open 24 hours,Tuesday,Open 24 hours,Wednesday,Open 24 hours,Thursday,Open 24 hours,Friday,Open 24 hours,Saturday,Open 24 hours,Sunday,Open 24 hours,(844) 727-3483,72,,,,3.3,Par 5 Roofing and Construction,https://www.google.com/maps/search/?api=1&query=Par%205%20Roofing%20and%20Construction&query_place_id=ChIJU5N5Mk2XQIYRQKztvTRjI5M,
,,,en,29.8266774,-95.46119,Monday,8 AM to 7 PM,Tuesday,8 AM to 7 PM,Wednesday,8 AM to 7 PM,Thursday,8 AM to 7 PM,Friday,8 AM to 7 PM,Saturday,8 AM to 7 PM,Sunday,Closed,(832) 460-3378,73,,,,5,Perfect Exterior Cleaning Services,https://www.google.com/maps/search/?api=1&query=Perfect%20Exterior%20Cleaning%20Services&query_place_id=ChIJlcjsvVGQQIYRR6RC6eDGXBU,
,,,en,29.836095,-95.46119,Monday,7 AM to 5 PM,Tuesday,7 AM to 5 PM,Wednesday,7 AM to 5 PM,Thursday,7 AM to 5 PM,Friday,7 AM to 5 PM,Saturday,7 AM to 5 PM,Sunday,Closed,(832) 259-4434,106,,,,,Precision Roofing Repairs,https://www.google.com/maps/search/?api=1&query=Precision%20Roofing%20Repairs&query_place_id=ChIJ1e-JyEvrQIYR4zrlfZwfRjE,
,,,en,29.836095,-95.46119,Monday,Open 24 hours,Tuesday,Open 24 hours,Wednesday,Open 24 hours,Thursday,Open 24 hours,Friday,Open 24 hours,Saturday,Open 24 hours,Sunday,Closed,(832) 483-0860,99,,,,1,Premium All Tech Services LLC,https://www.google.com/maps/search/?api=1&query=Premium%20All%20Tech%20Services%20LLC&query_place_id=ChIJH5jPp--5QIYRTe3MY3vODqw,
,,,en,29.8628995,-95.5056975,Monday,Open 24 hours,Tuesday,Open 24 hours,Wednesday,Open 24 hours,Thursday,Open 24 hours,Friday,Open 24 hours,Saturday,Open 24 hours,Sunday,Open 24 hours,(832) 706-8855,103,,,,,Pro Home Services & Construction,https://www.google.com/maps/search/?api=1&query=Pro%20Home%20Services%20%26%20Construction&query_place_id=ChIJ5Xe9NFEKqawRZM5QEnzXqfQ,
,,,en,29.836095,-95.3793585,Monday,7 AM to 5:30 PM,Tuesday,7 AM to 5:30 PM,Wednesday,7 AM to 5:30 PM,Thursday,7 AM to 5:30 PM,Friday,7 AM to 5:30 PM,Saturday,7 AM to 5:30 PM,Sunday,Closed,(832) 769-2382,55,,,,5,Pros Roofing & Remodeling,https://www.google.com/maps/search/?api=1&query=Pros%20Roofing%20%26%20Remodeling&query_place_id=ChIJwRTF2su7QIYRJlqPH4N1Cto,
,,,en,29.8266774,-95.3793585,Monday,8 AM to 5 PM,Tuesday,8 AM to 5 PM,Wednesday,8 AM to 5 PM,Thursday,8 AM to 5 PM,Friday,8 AM to 5 PM,Saturday,8 AM to 5 PM,Sunday,8 AM to 5 PM,(832) 803-9277,73,,,,,Pura Vida Development,https://www.google.com/maps/search/?api=1&query=Pura%20Vida%20Development&query_place_id=ChIJjzHs__SXQIYR6kSLWQxyK30,
,,,en,29.836095,-95.46119,Monday,7 AM to 5 PM,Tuesday,7 AM to 5 PM,Wednesday,7 AM to 5 PM,Thursday,7 AM to 5 PM,Friday,7 AM to 5 PM,Saturday,8 AM to 4:30 PM,Sunday,Closed,(281) 851-1149,100,,,,,Q's Quality Construction LLC,https://www.google.com/maps/search/?api=1&query=Q's%20Quality%20Construction%20LLC&query_place_id=ChIJGcpnWVcITmkRKDxgVrS7bNE,
,,,en,29.836095,-95.46119,Monday,6 AM to 7 PM,Tuesday,6 AM to 7 PM,Wednesday,6 AM to 7 PM,Thursday,6 AM to 7 PM,Friday,6 AM to 7 PM,Saturday,6 AM to 7 PM,Sunday,8 AM to 4 PM,(281) 571-5526,80,,,,,Ramirez Roofing & Construction,https://www.google.com/maps/search/?api=1&query=Ramirez%20Roofing%20%26%20Construction&query_place_id=ChIJ0_HfHexKUgYRaoAui60-PZs,
,,,en,29.836095,-95.46119,Monday,8 AM to 5 PM,Tuesday,8 AM to 5 PM,Wednesday,8 AM to 5 PM,Thursday,8 AM to 5 PM,Friday,8 AM to 5 PM,Saturday,8 AM to 5 PM,Sunday,Closed,(832) 353-2557,70,,,,5,Raptor Roofing Inc.,https://www.google.com/maps/search/?api=1&query=Raptor%20Roofing%20Inc.&query_place_id=ChIJA6zntRaZQIYRN18PkpJT88c,
,,,en,29.6514695,-95.2668205,Monday,7 AM to 8 PM,Tuesday,7 AM to 8 PM,Wednesday,7 AM to 8 PM,Thursday,7 AM to 8 PM,Friday,7 AM to 8 PM,Saturday,7 AM to 8 PM,Sunday,7 AM to 8 PM,(832) 366-6833,88,,,,,Repeat & Referral Remodeling,https://www.google.com/maps/search/?api=1&query=Repeat%20%26%20Referral%20Remodeling&query_place_id=ChIJzR77rsLdnQcRaeYZiPavVK0,
,,,en,29.836095,-95.46119,Monday,Open 24 hours,Tuesday,Open 24 hours,Wednesday,Open 24 hours,Thursday,Open 24 hours,Friday,Open 24 hours,Saturday,Open 24 hours,Sunday,Open 24 hours,(832) 468-7957,61,,,,,Ridgetop Roofers,https://www.google.com/maps/search/?api=1&query=Ridgetop%20Roofers&query_place_id=ChIJxR4Qsyy-dwgR6uEcGPBdbCA,
,,,en,29.6975606,-95.541275,Monday,7 AM to 12 AM,Tuesday,12 AM to 7 PM,Wednesday,7 AM to 7 PM,Thursday,7 AM to 7 PM,Friday,7 AM to 7 PM,Saturday,"8 AM to 5 PM, 9 PM to 12 AM",Sunday,Closed,(713) 259-6124,77,,,,4.6,Rodeo Roofing,https://www.google.com/maps/search/?api=1&query=Rodeo%20Roofing&query_place_id=ChIJAQAAALDHQIYRnz2VmeuCT4U,
,,,en,29.791965,-95.474209,,,,,,,,,,,,,,,(713) 972-2139,96,,,,5,Roman Roofing & More LLC,https://www.google.com/maps/search/?api=1&query=Roman%20Roofing%20%26%20More%20LLC&query_place_id=ChIJoSPo8DrHQIYRBTrenHlLqmQ,
,,,en,29.716598,-95.498702,Monday,Open 24 hours,Tuesday,Open 24 hours,Wednesday,Open 24 hours,Thursday,Open 24 hours,Friday,Open 24 hours,Saturday,Open 24 hours,Sunday,Open 24 hours,(832) 810-0065,54,,,,,Roof Repair in Houston,https://www.google.com/maps/search/?api=1&query=Roof%20Repair%20in%20Houston&query_place_id=ChIJMdbevYnpQIYREaz3zZqHiXk,
,,,en,29.836095,-95.46119,Monday,7 AM to 9 PM,Tuesday,7 AM to 9 PM,Wednesday,7 AM to 9 PM,Thursday,7 AM to 9 PM,Friday,7 AM to 9 PM,Saturday,7 AM to 9 PM,Sunday,7 AM to 9 PM,(713) 470-8024,65,,,,,Roof works,https://www.google.com/maps/search/?api=1&query=Roof%20works&query_place_id=ChIJYc-HymzDQIYR3zEKGeYl7GA,
,,,en,29.836095,-95.46119,Monday,8:30 AM to 5 PM,Tuesday,8:30 AM to 5 PM,Wednesday,8:30 AM to 5 PM,Thursday,8:30 AM to 5 PM,Friday,8:30 AM to 5 PM,Saturday,10 AM to 4 PM,Sunday,Closed,(832) 659-3550,53,,,,,RoofTex Solutions,https://www.google.com/maps/search/?api=1&query=RoofTex%20Solutions&query_place_id=ChIJuTcIDV65QIYRSgNUgjXjTPs,
,,,en,29.836095,-95.46119,Monday,8 AM to 7 PM,Tuesday,8 AM to 7 PM,Wednesday,8 AM to 7 PM,Thursday,8 AM to 7 PM,Friday,8 AM to 7 PM,Saturday,9 AM to 5 PM,Sunday,10 AM to 1 PM,(713) 259-3197,88,,,,5,Roofing and Remodeling Morfin,https://www.google.com/maps/search/?api=1&query=Roofing%20and%20Remodeling%20Morfin&query_place_id=ChIJkVdZdpW5QIYR_vbvQhxulu0,
,,,en,29.61169,-95.4673135,Monday,Open 24 hours,Tuesday,Open 24 hours,Wednesday,Open 24 hours,Thursday,Open 24 hours,Friday,Open 24 hours,Saturday,Open 24 hours,Sunday,Open 24 hours,(832) 882-1977,67,,,,,Roofing texas,https://www.google.com/maps/search/?api=1&query=Roofing%20texas&query_place_id=ChIJg2xxne_HQywRcE6ImL1cuKw,
,,,en,29.8123014,-95.4346126,Monday,Open 24 hours,Tuesday,Open 24 hours,Wednesday,Open 24 hours,Thursday,Open 24 hours,Friday,Open 24 hours,Saturday,Open 24 hours,Sunday,Open 24 hours,(832) 341-2297,84,,,,5,Selected Construction,https://www.google.com/maps/search/?api=1&query=Selected%20Construction&query_place_id=ChIJ_desg37U_mMRyV_Id9VMyM0,
,,,en,29.836095,-95.46119,Monday,8:30 AM to 5:30 PM,Tuesday,8:30 AM to 5:30 PM,Wednesday,8:30 AM to 5:30 PM,Thursday,8:30 AM to 5:30 PM,Friday,8:30 AM to 5:30 PM,Saturday,Closed,Sunday,Closed,(346) 290-0294,91,,,,5,Sky Roofing & Contracting,https://www.google.com/maps/search/?api=1&query=Sky%20Roofing%20%26%20Contracting&query_place_id=ChIJCcgKUNANeAERZPPoph70kko,
,,,en,29.6508585,-95.3852278,Monday,Open 24 hours,Tuesday,Open 24 hours,Wednesday,Open 24 hours,Thursday,Open 24 hours,Friday,Open 24 hours,Saturday,Open 24 hours,Sunday,Open 24 hours,(832) 536-5640,86,,,,,Star Roofing & Solar Providers Houston,https://www.google.com/maps/search/?api=1&query=Star%20Roofing%20%26%20Solar%20Providers%20Houston&query_place_id=ChIJNdfaZ-OXQIYRpgbHchd07fs,
,,,en,29.7274316,-95.319088,Monday,7 AM to 5 PM,Tuesday,7 AM to 5 PM,Wednesday,7 AM to 5 PM,Thursday,7 AM to 5 PM,Friday,7 AM to 5 PM,Saturday,7 AM to 5 PM,Sunday,9 AM to 3 PM,(281) 660-8122,56,,,,5,Stop Roof Leaks,https://www.google.com/maps/search/?api=1&query=Stop%20Roof%20Leaks&query_place_id=ChIJy2sDlHkpGoIRuL0EpBc0QsQ,
,,,en,29.836095,-95.46119,Monday,7 AM to 7 PM,Tuesday,7 AM to 7 PM,Wednesday,7 AM to 7 PM,Thursday,7 AM to 7 PM,Friday,7 AM to 7 PM,Saturday,7 AM to 7 PM,Sunday,Closed,(713) 498-1156,121,,,,,Tejas Roofing & Remodeling,https://www.google.com/maps/search/?api=1&query=Tejas%20Roofing%20%26%20Remodeling&query_place_id=ChIJC-qkh3D3_0oRfTt_5nT9lzc,
,,,en,29.6490154,-95.2923155,Monday,Open 24 hours,Tuesday,Open 24 hours,Wednesday,Open 24 hours,Thursday,Open 24 hours,Friday,Open 24 hours,Saturday,Open 24 hours,Sunday,Open 24 hours,(832) 929-2481,41,,,,5,TimeWise Roofing,https://www.google.com/maps/search/?api=1&query=TimeWise%20Roofing&query_place_id=ChIJj6hPv6c_WWIR3jj8NS7kapA,
,,,en,29.946437,-95.3172214,Monday,6 AM to 6 PM,Tuesday,6 AM to 6 PM,Wednesday,6 AM to 6 PM,Thursday,6 AM to 6 PM,Friday,6 AM to 6 PM,Saturday,6 AM to 6 PM,Sunday,Closed,(832) 722-0783,92,,,,3.8,Tri-Star Roofing,https://www.google.com/maps/search/?api=1&query=Tri-Star%20Roofing&query_place_id=ChIJLUmCaD7IQIYREaeY6N-bHKc,
,,,en,29.744103,-95.3455531,Monday,7 AM to 10 PM,Tuesday,7 AM to 10 PM,Wednesday,7 AM to 10 PM,Thursday,7 AM to 10 PM,Friday,7 AM to 10 PM,Saturday,7 AM to 10 PM,Sunday,Closed,(832) 891-3276,89,,,,5,Trustworthy Roofing & Remodeling LLC,https://www.google.com/maps/search/?api=1&query=Trustworthy%20Roofing%20%26%20Remodeling%20LLC&query_place_id=ChIJcaI1SfUxKmUR5zOWtFHzp4Q,
,,,en,29.6490154,-95.294855,Monday,8 AM to 6 PM,Tuesday,8 AM to 6 PM,Wednesday,8 AM to 6 PM,Thursday,8 AM to 6 PM,Friday,8 AM to 6 PM,Saturday,8 AM to 6 PM,Sunday,Closed,(832) 574-2697,88,,,,5,Ultimax Xteriors,https://www.google.com/maps/search/?api=1&query=Ultimax%20Xteriors&query_place_id=ChIJBwKD7LsFMCkRIVJLVqg1ZEo,
,,,en,29.836095,-95.46119,Monday,9 AM to 7 PM,Tuesday,9 AM to 7 PM,Wednesday,9 AM to 7 PM,Thursday,9 AM to 7 PM,Friday,9 AM to 7 PM,Saturday,9 AM to 4 PM,Sunday,Closed,(832) 210-7060,94,,,,,Weber & Sons,https://www.google.com/maps/search/?api=1&query=Weber%20%26%20Sons&query_place_id=ChIJZzFDeZ2lQIYR-SohRMg9XMw,
,,,en,29.8734204,-95.465351,,,,,,,,,,,,,,,(832) 468-6504,50,,,,5,Xtra roofing,https://www.google.com/maps/search/?api=1&query=Xtra%20roofing&query_place_id=ChIJza4c8We5QIYRHibpvBiS-_g,
,,,en,29.836095,-95.46119,Monday,8 AM to 6 PM,Tuesday,8 AM to 6 PM,Wednesday,8 AM to 6 PM,Thursday,8 AM to 6 PM,Friday,8 AM to 6 PM,Saturday,8 AM to 6 PM,Sunday,8 AM to 6 PM,(832) 453-0184,97,,,,5,Y A & S Roofing & Seamless Gutters,https://www.google.com/maps/search/?api=1&query=Y%20A%20%26%20S%20Roofing%20%26%20Seamless%20Gutters&query_place_id=ChIJj4BjE0S7QIYRNGcA2_KRt6I,
,,,en,29.836095,-95.46119,Monday,8:30 AM to 9:30 PM,Tuesday,8:30 AM to 9:30 PM,Wednesday,8:30 AM to 9:30 PM,Thursday,8:30 AM to 9:30 PM,Friday,8:30 AM to 9:30 PM,Saturday,8:30 AM to 9:30 PM,Sunday,Closed,(346) 757-6215,100,,,,,mannyroofingconstruction,https://www.google.com/maps/search/?api=1&query=mannyroofingconstruction&query_place_id=ChIJpWq_M33pQIYRQXOivOdjlD4,
"15035 E Freeway Service Rd, Channelview, TX 77530",Channelview,,en,29.773913,-95.1457262,,,,,,,,,,,,,,,(281) 709-2761,18,,Texas,15035 E Freeway Service Rd,4.5,Gardner Roofing,https://www.google.com/maps/search/?api=1&query=Gardner%20Roofing&query_place_id=ChIJSYFY7EnDQIYR4Ea_aLgkzuY,https://www.elevationroofing.com/
"7408 Riverchase Trail D​e​n​ton, TX-7 #6​210, Denton, TX 76210",Denton,,en,29.7656989,-95.3313491,Monday,9 AM to 6 PM,Tuesday,9 AM to 6 PM,Wednesday,9 AM to 6 PM,Thursday,9 AM to 6 PM,Friday,9 AM to 6 PM,Saturday,9 AM to 6 PM,Sunday,10 AM to 5:30 PM,(281) 532-8373,55,,TX,"7408 Riverchase Trail D​e​n​ton, TX-7 #6​210",,Raymond's Services,https://www.google.com/maps/search/?api=1&query=Raymond's%20Services&query_place_id=ChIJ2dcaNIK_QIYRTYxYRa7j9ng,https://www.elevationroofing.com/
"7676 Hillmont St Ste 107, Houston, TX 77040",Houston,,en,29.8442674,-95.5041654,Monday,8 AM to 6 PM,Tuesday,8 AM to 6 PM,Wednesday,8 AM to 6 PM,Thursday,8 AM to 6 PM,Friday,8 AM to 6 PM,Saturday,9 AM to 2 PM,Sunday,Closed,(346) 719-5170,65,,Texas,7676 Hillmont St Ste 107,2.3,A&C REMODELING and CONSTRUCTION CO,https://www.google.com/maps/search/?api=1&query=A%26C%20REMODELING%20and%20CONSTRUCTION%20CO&query_place_id=ChIJRbDm7_3FQIYRHlxEx9_o0tU,https://www.elevationroofing.com/
"10301 Fulton St Ste b7, Houston, TX 77076",Houston,,en,29.8555021,-95.3830699,Monday,8 AM to 6 PM,Tuesday,8 AM to 6 PM,Wednesday,8 AM to 6 PM,Thursday,8 AM to 6 PM,Friday,8 AM to 6 PM,Saturday,8 AM to 6 PM,Sunday,Closed,(346) 498-9551,17,,Texas,10301 Fulton St Ste b7,3.9,"A&J Roofing, Construction & Remodeling",https://www.google.com/maps/search/?api=1&query=A%26J%20Roofing%2C%20Construction%20%26%20Remodeling&query_place_id=ChIJSaMSiGq5QIYRdec3Op6ZHlw,
"9225 Dandy St, Houston, TX 77016",Houston,,en,29.8462194,-95.3120876,Monday,7:30 AM to 7 PM,Tuesday,7:30 AM to 7 PM,Wednesday,7:30 AM to 7 PM,Thursday,7:30 AM to 7 PM,Friday,7:30 AM to 7 PM,Saturday,7:30 AM to 7 PM,Sunday,9 AM to 5 PM,(832) 654-5831,6,,Texas,9225 Dandy St,5,A1 roofing,https://www.google.com/maps/search/?api=1&query=A1%20roofing&query_place_id=ChIJ7wTo3sK5QIYRsV2gDGyB4OY,
"11011 Richmond Ave # 320, Houston, TX 77042",Houston,,en,29.7272241,-95.5708562,Monday,8:30 AM to 6 PM,Tuesday,8:30 AM to 6 PM,Wednesday,8:30 AM to 6 PM,Thursday,8:30 AM to 6 PM,Friday,8:30 AM to 6 PM,Saturday,Closed,Sunday,Closed,(713) 552-0484,24,,Texas,11011 Richmond Ave # 320,,ANA SOLAR & ROOFING,https://www.google.com/maps/search/?api=1&query=ANA%20SOLAR%20%26%20ROOFING&query_place_id=ChIJww2-SrDdQIYRPhY8Xe2QsqM,
"12317 Almeda Rd, Houston, TX 77045",Houston,,en,29.631037,-95.4105973,Monday,8 AM to 5 PM,Tuesday,8 AM to 5 PM,Wednesday,8 AM to 5 PM,Thursday,8 AM to 5 PM,Friday,8 AM to 5 PM,Saturday,Closed,Sunday,Closed,(210) 650-2276,67,,Texas,12317 Almeda Rd,5,APB Pole Barns,https://www.google.com/maps/search/?api=1&query=APB%20Pole%20Barns&query_place_id=ChIJgWdM4eztNIgRv9qrPbsZmQI,
"13726 Almeda School Rd, Houston, TX 77047",Houston,,en,29.6069138,-95.417929,Monday,8 AM to 6:30 PM,Tuesday,8 AM to 6:30 PM,Wednesday,8 AM to 6:30 PM,Thursday,8 AM to 6:30 PM,Friday,8 AM to 6:30 PM,Saturday,8 AM to 6:30 PM,Sunday,Closed,(713) 433-7501,14,,Texas,13726 Almeda School Rd,4.4,Aa Roofing,https://www.google.com/maps/search/?api=1&query=Aa%20Roofing&query_place_id=ChIJe74qG2vrQIYRPsiffgWXuqY,
"1812 State St, Houston, TX 77007",Houston,,en,29.7649624,-95.3764087,Monday,Open 24 hours,Tuesday,Open 24 hours,Wednesday,Open 24 hours,Thursday,Open 24 hours,Friday,Open 24 hours,Saturday,Open 24 hours,Sunday,Open 24 hours,(725) 705-2698,7,,Texas,1812 State St,5,Accurate Roofing Solutions,https://www.google.com/maps/search/?api=1&query=Accurate%20Roofing%20Solutions&query_place_id=ChIJt83oCOO_QIYRSpwxSuwzkyI,
"11526 Dunlap St, Houston, TX 77035",Houston,"Electrician focusing on outlet repairs, doorbell wiring, breaker boxes, surge protectors and more.",en,29.6532592,-95.4933689,Monday,6 AM to 11 PM,Tuesday,6 AM to 11 PM,Wednesday,6 AM to 11 PM,Thursday,6 AM to 11 PM,Friday,6 AM to 11 PM,Saturday,6 AM to 11 PM,Sunday,6 AM to 11 PM,(713) 392-5795,49,,Texas,11526 Dunlap St,4.9,Action Electric Co,https://www.google.com/maps/search/?api=1&query=Action%20Electric%20Co&query_place_id=ChIJq48YEe_pQIYRWDZxQfI1tz4,
"9716 Almeda Genoa Rd, Houston, TX 77075",Houston,"Business providing services including cleaning gutters, inspecting and repairing roofs.",en,29.6270379,-95.2433768,Monday,Open 24 hours,Tuesday,Open 24 hours,Wednesday,Open 24 hours,Thursday,Open 24 hours,Friday,Open 24 hours,Saturday,Open 24 hours,Sunday,Open 24 hours,(936) 508-2220,15,,Texas,9716 Almeda Genoa Rd,4.7,Adams & Sons Roofing,https://www.google.com/maps/search/?api=1&query=Adams%20%26%20Sons%20Roofing&query_place_id=ChIJ30ABTsSXQIYRIacAxwLXcrI,
"7503 Irvington Blvd, Houston, TX 77022",Houston,,en,29.8294742,-95.3616275,,,,,,,,,,,,,,,(936) 310-4112,33,,Texas,7503 Irvington Blvd,4.9,Adams Brothers Roof Repair,https://www.google.com/maps/search/?api=1&query=Adams%20Brothers%20Roof%20Repair&query_place_id=ChIJjQQComq5QIYRALZF6WaXHfM,
"1004 Texas Ave, Houston, TX 77002",Houston,,en,29.7597788,-95.3625,Monday,9 AM to 5 PM,Tuesday,9 AM to 5 PM,Wednesday,9 AM to 5 PM,Thursday,9 AM to 5 PM,Friday,9 AM to 5 PM,Saturday,Closed,Sunday,Closed,(713) 893-1319,73,,Texas,1004 Texas Ave,,All Painting & Remodeling,https://www.google.com/maps/search/?api=1&query=All%20Painting%20%26%20Remodeling&query_place_id=ChIJO40StDq_QIYRTCAY1MrxdZo,
"7327 Ashcroft Dr, Houston, TX 77081",Houston,,en,29.6991982,-95.4903163,Monday,Open 24 hours,Tuesday,Open 24 hours,Wednesday,Open 24 hours,Thursday,Open 24 hours,Friday,Open 24 hours,Saturday,Open 24 hours,Sunday,Open 24 hours,(281) 900-1280,10,,Texas,7327 Ashcroft Dr,,All Weather Roofing,https://www.google.com/maps/search/?api=1&query=All%20Weather%20Roofing&query_place_id=ChIJ9xxLtTTDQIYRYNQJPtQFg9o,
"6535 Thornwall St, Houston, TX 77092",Houston,"Straightforward contractors offering roof repair or replacement, along with skylight and fence installation.",en,29.8266639,-95.4885712,,,,,,,,,,,,,,,(832) 876-1208,11,,Texas,6535 Thornwall St,5,Alliance Roofing & Construction,https://www.google.com/maps/search/?api=1&query=Alliance%20Roofing%20%26%20Construction&query_place_id=ChIJzzeqTYPFQIYRztANPf_sPTI,
"728 Neyland St, Houston, TX 77022",Houston,,en,29.8256619,-95.3902885,Monday,7 AM to 6 PM,Tuesday,7 AM to 6 PM,Wednesday,7 AM to 6 PM,Thursday,7 AM to 6 PM,Friday,7 AM to 6 PM,Saturday,7 AM to 6 PM,Sunday,7 AM to 6 PM,(832) 703-4708,39,,Texas,728 Neyland St,5,"Almeida Contruction, Home Remodeling",https://www.google.com/maps/search/?api=1&query=Almeida%20Contruction%2C%20Home%20Remodeling&query_place_id=ChIJVaq9CuK5QIYR2k7OULBAfcg,
"9530 Caddo Rd, Houston, TX 77078",Houston,,en,29.8566748,-95.2485613,,,,,,,,,,,,,,,(346) 317-8348,61,,Texas,9530 Caddo Rd,3,Alpha one roofing supplys,https://www.google.com/maps/search/?api=1&query=Alpha%20one%20roofing%20supplys&query_place_id=ChIJ3yOFMay7QIYRixrY5Os49C8,
"9101 Lipan Rd, Houston, TX 77063",Houston,,en,29.723362,-95.5243715,Monday,Open 24 hours,Tuesday,Open 24 hours,Wednesday,Open 24 hours,Thursday,Open 24 hours,Friday,Open 24 hours,Saturday,Open 24 hours,Sunday,Open 24 hours,(832) 654-2269,42,,Texas,9101 Lipan Rd,5,Amir Homes and Remodeling,https://www.google.com/maps/search/?api=1&query=Amir%20Homes%20and%20Remodeling&query_place_id=ChIJ1-SkBqLDQIYRayd8O34x_xE,
"224 Hunt St, Houston, TX 77003",Houston,,en,29.7468805,-95.3343158,Monday,9 AM to 5 PM,Tuesday,9 AM to 5 PM,Wednesday,9 AM to 5 PM,Thursday,9 AM to 5 PM,Friday,9 AM to 5 PM,Saturday,9 AM to 5 PM,Sunday,9 AM to 5 PM,(281) 628-5245,45,,Texas,224 Hunt St,,Apex Roofing Experts,https://www.google.com/maps/search/?api=1&query=Apex%20Roofing%20Experts&query_place_id=ChIJYb1gBAC_QIYRJTij7AVYpJM,
"1503 Palmer St, Houston, TX 77003",Houston,,en,29.7418668,-95.3499579,,,,,,,,,,,,,,,(281) 628-1890,62,,Texas,1503 Palmer St,,Apex Roofing Experts,https://www.google.com/maps/search/?api=1&query=Apex%20Roofing%20Experts&query_place_id=ChIJx6bpPgC_QIYRrwVZFwJc16U,
"2121 Edwards St, Houston, TX 77007",Houston,,en,29.7702072,-95.3798521,,,,,,,,,,,,,,,(281) 536-9283,35,,Texas,2121 Edwards St,,Apex Roofing Experts,https://www.google.com/maps/search/?api=1&query=Apex%20Roofing%20Experts&query_place_id=ChIJp5EKbwC_QIYRBAOyUzmTGEQ,
"159 Sharpstown Center Ste.200G, Houston, TX 77036",Houston,,en,29.7085469,-95.5161734,Monday,8 AM to 7 PM,Tuesday,8 AM to 7 PM,Wednesday,8 AM to 7 PM,Thursday,8 AM to 7 PM,Friday,8 AM to 7 PM,Saturday,8 AM to 6:30 PM,Sunday,Closed,(832) 782-3438,36,,Texas,159 Sharpstown Center Ste.200G,5,B.A.L Construction LLC,https://www.google.com/maps/search/?api=1&query=B.A.L%20Construction%20LLC&query_place_id=ChIJSW4c7kbDQIYRP_mxGw45ZCU,
"2442 Rodney St, Houston, TX 77034",Houston,,en,29.6443541,-95.2383507,,,,,,,,,,,,,,,(713) 321-0490,11,,Texas,2442 Rodney St,5,BD Roofing and Contracting,https://www.google.com/maps/search/?api=1&query=BD%20Roofing%20and%20Contracting&query_place_id=ChIJdwkYUMyXQIYRFjf8zUaNa4E,
"7315 Lyons Ave, Houston, TX 77020",Houston,,en,29.7769835,-95.2956718,Monday,8 AM to 6 PM,Tuesday,8 AM to 6 PM,Wednesday,8 AM to 6 PM,Thursday,8 AM to 6 PM,Friday,8 AM to 6 PM,Saturday,8 AM to 6 PM,Sunday,Closed,(832) 940-1803,89,,Texas,7315 Lyons Ave,3,Bayou City Materials,https://www.google.com/maps/search/?api=1&query=Bayou%20City%20Materials&query_place_id=ChIJWaMoG6i7QIYRH7XDZF48a3o,
"1222 Sadler St, Houston, TX 77022",Houston,,en,29.834541,-95.3578508,Monday,8 AM to 6 PM,Tuesday,8 AM to 6 PM,Wednesday,8 AM to 6 PM,Thursday,8 AM to 6 PM,Friday,8 AM to 6 PM,Saturday,8 AM to 6 PM,Sunday,Closed,(832) 419-8121,49,,Texas,1222 Sadler St,,Berny's Roofer,https://www.google.com/maps/search/?api=1&query=Berny's%20Roofer&query_place_id=ChIJVRNYStm5QIYRgGo-UZoK_NI,
"16516 El Camino Real, Houston, TX 77062",Houston,,en,29.5573728,-95.1240627,Monday,7 AM to 8 PM,Tuesday,7 AM to 8 PM,Wednesday,7 AM to 8 PM,Thursday,7 AM to 8 PM,Friday,7 AM to 8 PM,Saturday,8 AM to 7:30 PM,Sunday,Closed,(832) 263-9043,17,,Texas,16516 El Camino Real,5,Black Label Roof Co,https://www.google.com/maps/search/?api=1&query=Black%20Label%20Roof%20Co&query_place_id=ChIJqZRypmadQIYRp4J9AC1ESRE,
"7334 Remegan Rd, Houston, TX 77033",Houston,,en,29.676615,-95.3397552,Monday,8 AM to 5 PM,Tuesday,8 AM to 5 PM,Wednesday,8 AM to 5 PM,Thursday,8 AM to 5 PM,Friday,8 AM to 5 PM,Saturday,8 AM to 3 PM,Sunday,Closed,(713) 298-3207,18,,Texas,7334 Remegan Rd,,Bravo's Roofing and Siding LLC,https://www.google.com/maps/search/?api=1&query=Bravo's%20Roofing%20and%20Siding%20LLC&query_place_id=ChIJW-htxYiVQIYRq1IwR6CXmsw,
"8565 Beechnut St, Houston, TX 77036",Houston,,en,29.6888425,-95.5343827,,,,,,,,,,,,,,,(518) 277-5600,19,,Texas,8565 Beechnut St,,BuildCore Roofing,https://www.google.com/maps/search/?api=1&query=BuildCore%20Roofing&query_place_id=ChIJG3RUToLDQIYRl8ccBuLGhKI,
"11665 Fuqua St # D400, Houston, TX 77034",Houston,,en,29.6199835,-95.2120271,Monday,9 AM to 5 PM,Tuesday,9 AM to 5 PM,Wednesday,9 AM to 5 PM,Thursday,9 AM to 5 PM,Friday,9 AM to 5 PM,Saturday,Closed,Sunday,Closed,(281) 464-6444,34,,Texas,11665 Fuqua St # D400,3,C & H Roofing & Remodeling,https://www.google.com/maps/search/?api=1&query=C%20%26%20H%20Roofing%20%26%20Remodeling&query_place_id=ChIJ-UTDSsKZQIYRqTNzr_Q-KgI,
"16826 City View Pl, Houston, TX 77060",Houston,,en,29.9475353,-95.4008871,Monday,6 AM to 10 PM,Tuesday,6 AM to 10 PM,Wednesday,6 AM to 10 PM,Thursday,6 AM to 10 PM,Friday,6 AM to 10 PM,Saturday,10 AM to 10 PM,Sunday,6 AM to 10 PM,(281) 960-7761,12,,Texas,16826 City View Pl,4.9,Carlos Affordable roofing,https://www.google.com/maps/search/?api=1&query=Carlos%20Affordable%20roofing&query_place_id=ChIJpaCDveTJQIYRkHCbA5uflvM,
"S Post Oak Rd, Houston, TX 77085",Houston,,en,29.6364357,-95.4632556,Monday,7:30 AM to 6 PM,Tuesday,7:30 AM to 6 PM,Wednesday,7:30 AM to 6 PM,Thursday,7:30 AM to 6 PM,Friday,7:30 AM to 6 PM,Saturday,Closed,Sunday,Closed,(832) 701-5593,53,,Texas,S Post Oak Rd,,Cedros construction service,https://www.google.com/maps/search/?api=1&query=Cedros%20construction%20service&query_place_id=ChIJh8ox_a_rQIYRCuqi69EyVvg,
"2501 Cresline St, Houston, TX 77093",Houston,,en,29.8612029,-95.3469145,Monday,7 AM to 5 PM,Tuesday,7 AM to 5 PM,Wednesday,7 AM to 5 PM,Thursday,7 AM to 5 PM,Friday,7 AM to 5 PM,Saturday,7 AM to 3 PM,Sunday,Closed,(281) 685-8062,52,,Texas,2501 Cresline St,5,Cepeda Roofing Supply Inc,https://www.google.com/maps/search/?api=1&query=Cepeda%20Roofing%20Supply%20Inc&query_place_id=ChIJr3TMSnS5QIYRVfye-7hmXnU,
"6329 Wayne St, Houston, TX 77026",Houston,,en,29.8181223,-95.3261234,,,,,,,,,,,,,,,(832) 679-5305,57,,Texas,6329 Wayne St,,ChaveRoofing.A.,https://www.google.com/maps/search/?api=1&query=ChaveRoofing.A.&query_place_id=ChIJL4ykh4y5QIYRRuKyj_d2rMQ,
"15001 Crosswinds Dr #3602, Houston, TX 77032",Houston,,en,29.936906,-95.3138448,Monday,8 AM to 7 PM,Tuesday,8 AM to 7 PM,Wednesday,8 AM to 7 PM,Thursday,8 AM to 7 PM,Friday,8 AM to 7 PM,Saturday,8 AM to 5 PM,Sunday,Closed,(832) 647-9131,36,,Texas,15001 Crosswinds Dr #3602,,Christian Carpenter Construction Incorporated,https://www.google.com/maps/search/?api=1&query=Christian%20Carpenter%20Construction%20Incorporated&query_place_id=ChIJWRCKlCnpQIYRD3_zGC1rKaI,
"1414 Texas St, Houston, TX 77002",Houston,,en,29.7573177,-95.358615,,,,,,,,,,,,,,,(832) 483-9406,42,,Texas,1414 Texas St,3.7,Clutch City Roofing,https://www.google.com/maps/search/?api=1&query=Clutch%20City%20Roofing&query_place_id=ChIJX3pSFSS_QIYRa9PNTveaq_8,
"4290 Lockfield St, Houston, TX 77092",Houston,,en,29.8322703,-95.4871224,Monday,Open 24 hours,Tuesday,Open 24 hours,Wednesday,Open 24 hours,Thursday,Open 24 hours,Friday,Open 24 hours,Saturday,Open 24 hours,Sunday,Open 24 hours,(346) 670-4433,35,,Texas,4290 Lockfield St,5,Concept To Construct,https://www.google.com/maps/search/?api=1&query=Concept%20To%20Construct&query_place_id=ChIJS0z6iNTmSYkRtIYUJ39Zv84,
"8100 Washington Ave Ste 150u, Houston, TX 77007",Houston,,en,29.7817684,-95.4347888,,,,,,,,,,,,,,,(713) 482-1262,50,,Texas,8100 Washington Ave Ste 150u,3.7,Connected Energy | Tesla Solar Shingle & Power Wall Certified Installer,https://www.google.com/maps/search/?api=1&query=Connected%20Energy%20%7C%20Tesla%20Solar%20Shingle%20%26%20Power%20Wall%20Certified%20Installer&query_place_id=ChIJyzKdCHvBQIYR9Wr7IEfSZZE,
"500-598 Bremond St, Houston, TX 77006",Houston,,en,29.7484607,-95.3782464,,,,,,,,,,,,,,,(281) 628-5281,51,,Texas,500-598 Bremond St,,Cornerstone Roofing Services,https://www.google.com/maps/search/?api=1&query=Cornerstone%20Roofing%20Services&query_place_id=ChIJF6AuBgC_QIYR1vhSgsj86iA,
"13501 Hooper Rd, Houston, TX 77047",Houston,,en,29.6110588,-95.4033231,Monday,6 AM to 8 PM,Tuesday,6 AM to 8 PM,Wednesday,6 AM to 8 PM,Thursday,6 AM to 8 PM,Friday,6 AM to 8 PM,Saturday,6 AM to 8 PM,Sunday,Closed,(346) 317-8348,11,,Texas,13501 Hooper Rd,4.4,Cruz roofing & remodeling,https://www.google.com/maps/search/?api=1&query=Cruz%20roofing%20%26%20remodeling&query_place_id=ChIJg8DqDl7rQIYRsXSoTHQmycc,
"8913 Sandra St, Houston, TX 77016",Houston,,en,29.84239,-95.314106,Monday,7 AM to 10 PM,Tuesday,7 AM to 10 PM,Wednesday,7 AM to 10 PM,Thursday,7 AM to 10 PM,Friday,7 AM to 10 PM,Saturday,7 AM to 10 PM,Sunday,10 AM to 7:30 PM,(713) 497-6641,17,,Texas,8913 Sandra St,5,DG ROOFING SERVICES,https://www.google.com/maps/search/?api=1&query=DG%20ROOFING%20SERVICES&query_place_id=ChIJxQrEoja5QIYRai-MbG6po_s,
"4000 Cedar Crest St, Houston, TX 77087",Houston,,en,29.6889363,-95.3241761,,,,,,,,,,,,,,,(281) 674-5051,52,,Texas,4000 Cedar Crest St,5,Daniel's Roofing & Gutters,https://www.google.com/maps/search/?api=1&query=Daniel's%20Roofing%20%26%20Gutters&query_place_id=ChIJmXWudAC_QIYRvf3BnLayfq0,
"7401 Market St, Houston, TX 77020",Houston,,en,29.7728124,-95.2943995,,,,,,,,,,,,,,,(713) 675-7141,65,,Texas,7401 Market St,5,David Alvarez Sheet Metal,https://www.google.com/maps/search/?api=1&query=David%20Alvarez%20Sheet%20Metal&query_place_id=ChIJU34M1Qu8QIYRiFXANweM-J8,
"3823 Tidwell Rd, Houston, TX 77093",Houston,,en,29.8489875,-95.3296913,Monday,10 AM to 6 PM,Tuesday,10 AM to 6 PM,Wednesday,10 AM to 6 PM,Thursday,10 AM to 6 PM,Friday,10 AM to 6 PM,Saturday,10 AM to 3 PM,Sunday,Closed,(281) 217-9829,60,,Texas,3823 Tidwell Rd,5,"Deleon Quality Construction, Inc.",https://www.google.com/maps/search/?api=1&query=Deleon%20Quality%20Construction%2C%20Inc.&query_place_id=ChIJi-uFcv65QIYRSYPzdQC4-IY,
"3919 Spencer St, Houston, TX 77007",Houston,,en,29.7751866,-95.4007632,Monday,7 AM to 8 PM,Tuesday,7 AM to 8 PM,Wednesday,7 AM to 8 PM,Thursday,7 AM to 8 PM,Friday,7 AM to 8 PM,Saturday,7 AM to 8 PM,Sunday,7 AM to 8 PM,(281) 805-8558,24,,Texas,3919 Spencer St,5,Diego's Roofing & Gutters,https://www.google.com/maps/search/?api=1&query=Diego's%20Roofing%20%26%20Gutters&query_place_id=ChIJlfUxaADHQIYRLQo2JgZnhWg,
"119 E 20th St, Houston, TX 77008",Houston,,en,29.8041779,-95.3969389,,,,,,,,,,,,,,,(281) 924-1947,36,,Texas,119 E 20th St,3.4,Distinctive Living,https://www.google.com/maps/search/?api=1&query=Distinctive%20Living&query_place_id=ChIJVRIVG2PHQIYRRfuLPLzPG58,
"6325 Cullen Blvd, Houston, TX 77021",Houston,,en,29.6954765,-95.3508104,Monday,7 AM to 3 PM,Tuesday,7 AM to 3 PM,Wednesday,7 AM to 3 PM,Thursday,7 AM to 3 PM,Friday,7 AM to 3 PM,Saturday,7 AM to 1 PM,Sunday,Closed,,55,,Texas,6325 Cullen Blvd,4,E. Resendiz Roofing & Supply,https://www.google.com/maps/search/?api=1&query=E.%20Resendiz%20Roofing%20%26%20Supply&query_place_id=ChIJXYzXdPK_QIYRsKxJy_Jmo4U,
"Houston, TX 77053",Houston,,en,29.6056147,-95.4620822,,,,,,,,,,,,,,,,40,,Texas,,,ECHOS ROOFING SUPPLY,https://www.google.com/maps/search/?api=1&query=ECHOS%20ROOFING%20SUPPLY&query_place_id=ChIJT25xiunrQIYRP88-fm4_-Uk,
"5301 Polk St Bldg. 14 suite 023, Houston, TX 77023",Houston,,en,29.7347733,-95.3168672,Monday,8 AM to 5 PM,Tuesday,8 AM to 5 PM,Wednesday,8 AM to 5 PM,Thursday,8 AM to 5 PM,Friday,8 AM to 5 PM,Saturday,Closed,Sunday,Closed,(713) 292-9481,57,,Texas,5301 Polk St Bldg. 14 suite 023,,"Eagles Roofing and Construction, Inc.",https://www.google.com/maps/search/?api=1&query=Eagles%20Roofing%20and%20Construction%2C%20Inc.&query_place_id=ChIJWaj63x6_QIYRDWcwGF-aZYc,
"3112 Fannin St, Houston, TX 77004",Houston,,en,29.7413214,-95.3761738,,,,,,,,,,,,,,,(281) 536-9255,53,,Texas,3112 Fannin St,,Elevation Roofing Services,https://www.google.com/maps/search/?api=1&query=Elevation%20Roofing%20Services&query_place_id=ChIJr7qkbgC_QIYRTIyN_MMarz0,
"9403 Spaulding St, Houston, TX 77016",Houston,,en,29.8471676,-95.3036792,,,,,,,,,,,,,,,(713) 820-7594,33,,Texas,9403 Spaulding St,5,Emergency Roofing Texas,https://www.google.com/maps/search/?api=1&query=Emergency%20Roofing%20Texas&query_place_id=ChIJtVlMQtq7QIYRsduXGjZyIRk,
"5662 Hirondel, Houston, TX 77033",Houston,,en,29.6574964,-95.3372864,Monday,7 AM to 8 PM,Tuesday,7 AM to 8 PM,Wednesday,7 AM to 8 PM,Thursday,7 AM to 8 PM,Friday,7 AM to 8 PM,Saturday,7 AM to 8 PM,Sunday,7 AM to 8 PM,(832) 638-0146,30,,Texas,5662 Hirondel,5,Energyshield,https://www.google.com/maps/search/?api=1&query=Energyshield&query_place_id=ChIJn6lqKXKVQIYRGWVVO4Ofy_A,
"Houston, TX 77022",Houston,,en,29.8359225,-95.3782513,Monday,12 to 6 AM,Tuesday,Closed,Wednesday,Closed,Thursday,Closed,Friday,Closed,Saturday,Closed,Sunday,Open 24 hours,(832) 212-7775,35,,Texas,,,Ernestos roofing y remodeling,https://www.google.com/maps/search/?api=1&query=Ernestos%20roofing%20y%20remodeling&query_place_id=ChIJI_4asua5QIYRzFbvrZR85KY,
"601 E Sunnyside St, Houston, TX 77076",Houston,,en,29.8575548,-95.3691321,Monday,7 AM to 9 PM,Tuesday,7 AM to 9 PM,Wednesday,7 AM to 9 PM,Thursday,7 AM to 9 PM,Friday,7 AM to 9 PM,Saturday,7 AM to 9 PM,Sunday,8 AM to 8 PM,(832) 673-1336,7,,Texas,601 E Sunnyside St,5,Evercycle Roofing,https://www.google.com/maps/search/?api=1&query=Evercycle%20Roofing&query_place_id=ChIJMTeFkCx5O2YRQhcwOaRmHEI,
"12300 Fleming Dr #315, Houston, TX 77013",Houston,,en,29.7743208,-95.2195311,Monday,Open 24 hours,Tuesday,Open 24 hours,Wednesday,Open 24 hours,Thursday,Open 24 hours,Friday,Open 24 hours,Saturday,Open 24 hours,Sunday,Open 24 hours,(832) 979-5238,12,,Texas,12300 Fleming Dr #315,5,Expert Roofing,https://www.google.com/maps/search/?api=1&query=Expert%20Roofing&query_place_id=ChIJIzGRwLcHK4cRBT37rQZ_Ucs,
"7414 Lakewood Dr, Houston, TX 77016",Houston,,en,29.8618263,-95.2948184,Monday,7 AM to 8 PM,Tuesday,7 AM to 8 PM,Wednesday,7 AM to 8 PM,Thursday,7 AM to 8 PM,Friday,7 AM to 8 PM,Saturday,7 AM to 8 PM,Sunday,7 AM to 12 PM,(832) 287-8733,38,,Texas,7414 Lakewood Dr,5,FC Roofing & R LLC,https://www.google.com/maps/search/?api=1&query=FC%20Roofing%20%26%20R%20LLC&query_place_id=ChIJ3eWVH2a7QIYR6FHP4GOdKG8,
"2917 Brackenridge St, Houston, TX 77026",Houston,,en,29.7879896,-95.3413503,Monday,8 AM to 6 PM,Tuesday,8 AM to 6 PM,Wednesday,8 AM to 6 PM,Thursday,8 AM to 6 PM,Friday,8 AM to 6 PM,Saturday,8 AM to 6 PM,Sunday,Closed,(713) 269-9949,58,,Texas,2917 Brackenridge St,5,Figueroa´s Remodeling,https://www.google.com/maps/search/?api=1&query=Figueroa%C2%B4s%20Remodeling&query_place_id=ChIJh2Zovpa5QIYRz5Kkj5Srj1s,
"7639 Harrisburg Blvd, Houston, TX 77012",Houston,,en,29.7316871,-95.2887343,Monday,8 AM to 8 PM,Tuesday,8 AM to 8 PM,Wednesday,8 AM to 8 PM,Thursday,8 AM to 8 PM,Friday,8 AM to 8 PM,Saturday,7 AM to 8 PM,Sunday,9 AM to 6 PM,(346) 615-2485,11,,Texas,7639 Harrisburg Blvd,5,Frey Roofing & Construction,https://www.google.com/maps/search/?api=1&query=Frey%20Roofing%20%26%20Construction&query_place_id=ChIJ83kevm56K4cR1eN17ooRebw,
"1110 Voight St, Houston, TX 77009",Houston,,en,29.7803648,-95.3865356,Monday,8 AM to 8 PM,Tuesday,8 AM to 8 PM,Wednesday,8 AM to 8 PM,Thursday,8 AM to 8 PM,Friday,8 AM to 8 PM,Saturday,8 AM to 8 PM,Sunday,Closed,(713) 401-8420,18,,Texas,1110 Voight St,5,Gabriels Roofing,https://www.google.com/maps/search/?api=1&query=Gabriels%20Roofing&query_place_id=ChIJC7i0tAy5QIYRVdYRWVwLA0U,
"1223 Sadler St, Houston, TX 77022",Houston,,en,29.8350152,-95.3578303,Monday,6 AM to 6 PM,Tuesday,6 AM to 6 PM,Wednesday,6 AM to 6 PM,Thursday,6 AM to 6 PM,Friday,6 AM to 6 PM,Saturday,6 AM to 6 PM,Sunday,8 AM to 6 PM,(281) 836-2403,67,,Texas,1223 Sadler St,,Gomez Roofing,https://www.google.com/maps/search/?api=1&query=Gomez%20Roofing&query_place_id=ChIJuylEa8G5QIYR93ifUmwStaM,
"4134 Pinemont Dr, Houston, TX 77018",Houston,,en,29.8415947,-95.4474491,Monday,9 AM to 5 PM,Tuesday,9 AM to 5 PM,Wednesday,9 AM to 5 PM,Thursday,9 AM to 5 PM,Friday,9 AM to 5 PM,Saturday,Closed,Sunday,Closed,(713) 686-9007,14,,Texas,4134 Pinemont Dr,4.5,Graziano Roofing of Texas Inc,https://www.google.com/maps/search/?api=1&query=Graziano%20Roofing%20of%20Texas%20Inc&query_place_id=ChIJCw8cCxXGQIYR1ttaVYx8-M8,
"6311 Griggs Rd, Houston, TX 77023",Houston,,en,29.7072171,-95.308122,Monday,8 AM to 6 PM,Tuesday,8 AM to 6 PM,Wednesday,8 AM to 6 PM,Thursday,8 AM to 6 PM,Friday,8 AM to 6 PM,Saturday,8 AM to 4 PM,Sunday,Closed,(713) 434-6121,69,,Texas,6311 Griggs Rd,4.2,Griggs Building Materials,https://www.google.com/maps/search/?api=1&query=Griggs%20Building%20Materials&query_place_id=ChIJ-YfFfoS9QIYRvDAJJGxt-wI,
"5600 S Willow Dr, Houston, TX 77035",Houston,,en,29.6522577,-95.4764294,,,,,,,,,,,,,,,(281) 817-0029,6,,Texas,5600 S Willow Dr,4.7,Gulf Coast Roofing Company,https://www.google.com/maps/search/?api=1&query=Gulf%20Coast%20Roofing%20Company&query_place_id=ChIJpaI-HaPpQIYRWivK_a6Ce5g,
"4119 Jorns St, Houston, TX 77045",Houston,,en,29.6298156,-95.4400699,,,,,,,,,,,,,,,(832) 455-2845,18,,Texas,4119 Jorns St,5,Guzman Roofing,https://www.google.com/maps/search/?api=1&query=Guzman%20Roofing&query_place_id=ChIJZQG-hSDrQIYR5RFK_nhaB_8,
"6008 W 34th St 6008 E, Houston, TX 77092",Houston,,en,29.820037,-95.4785509,Monday,8 AM to 5 PM,Tuesday,8 AM to 5 PM,Wednesday,8 AM to 5 PM,Thursday,8 AM to 5 PM,Friday,8 AM to 5 PM,Saturday,8 AM to 12 PM,Sunday,8 AM to 12 PM,(713) 425-2510,20,,Texas,6008 W 34th St 6008 E,2,H&H Roofing & Gutters,https://www.google.com/maps/search/?api=1&query=H%26H%20Roofing%20%26%20Gutters&query_place_id=ChIJUVoQ49XFQIYRHI79EkAqCKU,
"7999 Hansen Rd Ste 330, Houston, TX 77061",Houston,,en,29.6537837,-95.2576296,Monday,Open 24 hours,Tuesday,Open 24 hours,Wednesday,Open 24 hours,Thursday,Open 24 hours,Friday,Open 24 hours,Saturday,Open 24 hours,Sunday,Open 24 hours,(832) 946-8366,33,,Texas,7999 Hansen Rd Ste 330,,HQ Roofing LLC,https://www.google.com/maps/search/?api=1&query=HQ%20Roofing%20LLC&query_place_id=ChIJc9Gs3GmXQIYRb-39y1rRFqQ,
"11115 Fondren Rd, Houston, TX 77096",Houston,,en,29.658219,-95.50775,,,,,,,,,,,,,,,,50,,Texas,11115 Fondren Rd,5,HTR Houston Texas,https://www.google.com/maps/search/?api=1&query=HTR%20Houston%20Texas&query_place_id=ChIJW5QCYADpQIYRvvjHYOULxrw,
"7721A W Bellfort Ave, Houston, TX 77071",Houston,,en,29.6558054,-95.5120788,Monday,12 AM to 9 PM,Tuesday,7 AM to 9 PM,Wednesday,7 AM to 9 PM,Thursday,7 AM to 9 PM,Friday,7 AM to 9 PM,Saturday,7 AM to 9 PM,Sunday,7 AM to 5 PM,(713) 777-3747,36,,Texas,7721A W Bellfort Ave,5,Haynes Construction & Contracting,https://www.google.com/maps/search/?api=1&query=Haynes%20Construction%20%26%20Contracting&query_place_id=ChIJA2JxQMnpQIYR5DrEuRaDPw8,
"2401 Francis St, Houston, TX 77004",Houston,,en,29.7333133,-95.3654921,,,,,,,,,,,,,,,(281) 536-9267,44,,Texas,2401 Francis St,,Heritage Roofing Services,https://www.google.com/maps/search/?api=1&query=Heritage%20Roofing%20Services&query_place_id=ChIJ9eZoOQC_QIYRZfZPDSyVtVY,
"6405 W Bellfort Ave, Houston, TX 77035",Houston,,en,29.6557831,-95.5039201,Monday,Open 24 hours,Tuesday,Open 24 hours,Wednesday,Open 24 hours,Thursday,Open 24 hours,Friday,Open 24 hours,Saturday,Open 24 hours,Sunday,Open 24 hours,(832) 997-5214,12,,Texas,6405 W Bellfort Ave,5,Hernandez Roofing,https://www.google.com/maps/search/?api=1&query=Hernandez%20Roofing&query_place_id=ChIJJywii47pQIYR1TgaMQ9RJpU,
"3342 Walnut Bend Ln, Houston, TX 77042",Houston,,en,29.724252,-95.568215,Monday,8 AM to 6 PM,Tuesday,8 AM to 6 PM,Wednesday,8 AM to 6 PM,Thursday,8 AM to 6 PM,Friday,8 AM to 6 PM,Saturday,8 AM to 6 PM,Sunday,Closed,(713) 553-5494,34,,Texas,3342 Walnut Bend Ln,,Hill Commercial Roofing,https://www.google.com/maps/search/?api=1&query=Hill%20Commercial%20Roofing&query_place_id=ChIJSdYFJf3dQIYRn2TlYYvAp5I,
"2950 N Loop W Fwy suite 853, Houston, TX 77092",Houston,,en,29.8051373,-95.4485962,,,,,,,,,,,,,,,(832) 910-9513,47,,Texas,2950 N Loop W Fwy suite 853,,Horizon Roofing Group,https://www.google.com/maps/search/?api=1&query=Horizon%20Roofing%20Group&query_place_id=ChIJjRgjiBjHQIYRarjXckSkQEI,
"6837 Langdon Ln, Houston, TX 77074",Houston,,en,29.6938931,-95.5050397,Monday,Open 24 hours,Tuesday,Open 24 hours,Wednesday,Open 24 hours,Thursday,Open 24 hours,Friday,Open 24 hours,Saturday,Open 24 hours,Sunday,Open 24 hours,(713) 538-7423,28,,Texas,6837 Langdon Ln,,Houston RoofUS Pros,https://www.google.com/maps/search/?api=1&query=Houston%20RoofUS%20Pros&query_place_id=ChIJOyy-OQDDQIYRonlWeW2I9MA,
"12211 Gulf Fwy, Houston, TX 77034",Houston,,en,29.6237962,-95.2225891,Monday,7 AM to 11 PM,Tuesday,7 AM to 11 PM,Wednesday,7 AM to 11 PM,Thursday,7 AM to 11 PM,Friday,7 AM to 11 PM,Saturday,8 AM to 8 PM,Sunday,8 AM to 8 PM,(254) 327-4369,49,,Texas,12211 Gulf Fwy,4.6,Houston Water Emergency Restoration,https://www.google.com/maps/search/?api=1&query=Houston%20Water%20Emergency%20Restoration&query_place_id=ChIJt-FEfD6xcqERmJQbYweEmIA,
"5003 Beechaven St, Houston, TX 77053",Houston,,en,29.5931146,-95.4566383,Monday,8 AM to 5 PM,Tuesday,8 AM to 5 PM,Wednesday,8 AM to 5 PM,Thursday,8 AM to 5 PM,Friday,8 AM to 5 PM,Saturday,Closed,Sunday,Closed,(832) 847-2508,43,,Texas,5003 Beechaven St,,Ibarra’s Roofing,https://www.google.com/maps/search/?api=1&query=Ibarra%E2%80%99s%20Roofing&query_place_id=ChIJEWcoPXLrQIYRB3x7kIPXyRw,
"Avenue P, Houston, TX 77012",Houston,,en,29.74199,-95.2851334,Monday,Open 24 hours,Tuesday,Open 24 hours,Wednesday,Open 24 hours,Thursday,Open 24 hours,Friday,Open 24 hours,Saturday,Open 24 hours,Sunday,Open 24 hours,(346) 500-9800,40,,Texas,Avenue P,5,Indus Roofing & Construction,https://www.google.com/maps/search/?api=1&query=Indus%20Roofing%20%26%20Construction&query_place_id=ChIJ5aexANe9QIYRDdUjQd2Rf3Q,
"8717 Windswept Ln, Houston, TX 77063",Houston,,en,29.7253372,-95.5182529,,,,,,,,,,,,,,,,48,,Texas,8717 Windswept Ln,5,JH Quality,https://www.google.com/maps/search/?api=1&query=JH%20Quality&query_place_id=ChIJm4yvParDQIYRawePQsUGXYU,
"6901 Hillsboro St, Houston, TX 77020",Houston,,en,29.7802181,-95.3009226,Monday,Open 24 hours,Tuesday,Open 24 hours,Wednesday,Open 24 hours,Thursday,Open 24 hours,Friday,Open 24 hours,Saturday,Open 24 hours,Sunday,Open 24 hours,(445) 330-0011,45,,Texas,6901 Hillsboro St,,James Fisher Strong Roofing Supply,https://www.google.com/maps/search/?api=1&query=James%20Fisher%20Strong%20Roofing%20Supply&query_place_id=ChIJ0wyorgO7QIYRBTU0_lZTzQY,
"2307 Knight St, Houston, TX 77093",Houston,,en,29.8409781,-95.3501262,Monday,7 AM to 4 PM,Tuesday,7 AM to 4 PM,Wednesday,7 AM to 4 PM,Thursday,7 AM to 4 PM,Friday,7 AM to 4 PM,Saturday,Closed,Sunday,Closed,(713) 738-4525,53,,Texas,2307 Knight St,4.5,"Jay-Co Enterprises, LLC",https://www.google.com/maps/search/?api=1&query=Jay-Co%20Enterprises%2C%20LLC&query_place_id=ChIJMXbiEbW5QIYREy2-20q8L1s,
"4801 Woodway Dr 300 East, Houston, TX 77056",Houston,,en,29.763475,-95.459558,Monday,8:30 AM to 5 PM,Tuesday,8:30 AM to 5 PM,Wednesday,8:30 AM to 5 PM,Thursday,8:30 AM to 5 PM,Friday,8:30 AM to 5 PM,Saturday,Closed,Sunday,Closed,(832) 784-1657,52,,Texas,4801 Woodway Dr 300 East,,Kennebrew & Britton Development Group L.L.C,https://www.google.com/maps/search/?api=1&query=Kennebrew%20%26%20Britton%20Development%20Group%20L.L.C&query_place_id=ChIJy-YP1UvBQIYRfkANquk8-CA,
"1155 Creekmont Dr, Houston, TX 77091",Houston,,en,29.8423103,-95.4277674,Monday,8 AM to 5 PM,Tuesday,8 AM to 5 PM,Wednesday,8 AM to 5 PM,Thursday,8 AM to 5 PM,Friday,8 AM to 5 PM,Saturday,Closed,Sunday,Closed,(832) 503-0598,75,,Texas,1155 Creekmont Dr,4,Kingdom Builders,https://www.google.com/maps/search/?api=1&query=Kingdom%20Builders&query_place_id=ChIJcfLsjSXHQIYR-s-keynq_lk,
"2135 Orean St, Houston, TX 77034",Houston,,en,29.6507916,-95.2309464,Monday,Open 24 hours,Tuesday,Open 24 hours,Wednesday,Open 24 hours,Thursday,Open 24 hours,Friday,Open 24 hours,Saturday,Open 24 hours,Sunday,Open 24 hours,(832) 886-3651,13,,Texas,2135 Orean St,4.8,LOPEZ ROOFING RESTORATION,https://www.google.com/maps/search/?api=1&query=LOPEZ%20ROOFING%20RESTORATION&query_place_id=ChIJkb8wTQCXQIYRglSdkm9g-Y8,
"9801 Westheimer Rd #300, Houston, TX 77042",Houston,,en,29.7364389,-95.5417747,Monday,6 AM to 8 PM,Tuesday,6 AM to 8 PM,Wednesday,6 AM to 8 PM,Thursday,6 AM to 8 PM,Friday,6 AM to 8 PM,Saturday,6 AM to 8 PM,Sunday,6 AM to 8 PM,(832) 282-9504,16,,Texas,9801 Westheimer Rd #300,5,LSR EXPERTS,https://www.google.com/maps/search/?api=1&query=LSR%20EXPERTS&query_place_id=ChIJ-ZOWMkfJQIYRAaL2PhHwFgQ,
"9700 Almeda Genoa Rd #203, Houston, TX 77075",Houston,,en,29.6270026,-95.2436884,Monday,8:30 AM to 4:30 PM,Tuesday,8:30 AM to 4:30 PM,Wednesday,8:30 AM to 4:30 PM,Thursday,8:30 AM to 4:30 PM,Friday,8:30 AM to 4:30 PM,Saturday,Closed,Sunday,Closed,(713) 532-9600,50,,Texas,9700 Almeda Genoa Rd #203,3.2,Liberty Builders,https://www.google.com/maps/search/?api=1&query=Liberty%20Builders&query_place_id=ChIJ9QgM622XQIYRll6HI31-lxE,
"3054 Tidwell Rd, Houston, TX 77093",Houston,,en,29.8478638,-95.340477,Monday,7 AM to 7 PM,Tuesday,7 AM to 7 PM,Wednesday,7 AM to 7 PM,Thursday,7 AM to 5 PM,Friday,7 AM to 7 PM,Saturday,7 AM to 7 PM,Sunday,8 AM to 2 PM,(713) 224-6660,84,,Texas,3054 Tidwell Rd,4.2,Longhorn Building Material,https://www.google.com/maps/search/?api=1&query=Longhorn%20Building%20Material&query_place_id=ChIJy_6HFMa5QIYRZRp7KxQzNjM,
"5214 San Juan St, Houston, TX 77020",Houston,,en,29.7715796,-95.3186012,,,,,,,,,,,,,,,(346) 775-1159,7,,Texas,5214 San Juan St,5,López roofing and more...,https://www.google.com/maps/search/?api=1&query=L%C3%B3pez%20roofing%20and%20more...&query_place_id=ChIJ5dvqgBa_QIYRRu8dTJCrCAc,
"7903 Peachtree St, Houston, TX 77016",Houston,,en,29.8318481,-95.3155382,Monday,Open 24 hours,Tuesday,Open 24 hours,Wednesday,Open 24 hours,Thursday,Open 24 hours,Friday,Open 24 hours,Saturday,Open 24 hours,Sunday,Open 24 hours,(832) 877-9652,65,,Texas,7903 Peachtree St,,M&O contracting service corp,https://www.google.com/maps/search/?api=1&query=M%26O%20contracting%20service%20corp&query_place_id=ChIJp8zBh_S5QIYR3bfAQzZWLo0,
"6025 Yale St, Houston, TX 77076",Houston,,en,29.8531639,-95.4033359,Monday,Open 24 hours,Tuesday,Open 24 hours,Wednesday,Open 24 hours,Thursday,Open 24 hours,Friday,Open 24 hours,Saturday,Open 24 hours,Sunday,Closed,(877) 788-0222,36,,Texas,6025 Yale St,5,Magnolia Developments,https://www.google.com/maps/search/?api=1&query=Magnolia%20Developments&query_place_id=ChIJAcRWcw3DQIYRpkcMz_t1Lec,
"4119 Reed Rd, Houston, TX 77051",Houston,,en,29.6585627,-95.3670592,Monday,Open 24 hours,Tuesday,Open 24 hours,Wednesday,Open 24 hours,Thursday,Open 24 hours,Friday,Open 24 hours,Saturday,Open 24 hours,Sunday,Open 24 hours,(936) 279-3500,2,,Texas,4119 Reed Rd,4.8,Martin Family LLC,https://www.google.com/maps/search/?api=1&query=Martin%20Family%20LLC&query_place_id=ChIJAVOTJTSVQIYRfIBJ7VAqGjM,
"1278 Terminal St, Houston, TX 77011",Houston,,en,29.7470348,-95.3074233,Monday,Open 24 hours,Tuesday,Open 24 hours,Wednesday,Open 24 hours,Thursday,Open 24 hours,Friday,Open 24 hours,Saturday,Open 24 hours,Sunday,Open 24 hours,(713) 337-0915,20,,Texas,1278 Terminal St,5,MasterCraft Roofing,https://www.google.com/maps/search/?api=1&query=MasterCraft%20Roofing&query_place_id=ChIJAa5xG9C9QIYR3LoblyADa1c,
"10651 W Sam Houston Pkwy S, Houston, TX 77036",Houston,,en,29.7149094,-95.5558771,Monday,7 AM to 8 PM,Tuesday,7 AM to 8 PM,Wednesday,7 AM to 8 PM,Thursday,7 AM to 8 PM,Friday,7 AM to 8 PM,Saturday,7 AM to 8 PM,Sunday,7 AM to 8 PM,(281) 606-3111,13,,Texas,10651 W Sam Houston Pkwy S,4.8,Matias's Roofing & Gutters,https://www.google.com/maps/search/?api=1&query=Matias's%20Roofing%20%26%20Gutters&query_place_id=ChIJbwaxNgDDQIYRSskd34zhcPY,
"6001 Stonington St #196, Houston, TX 77040",Houston,Roofing company providing roof replacement services for properties of all sizes.,en,29.8564607,-95.5251525,Monday,9 AM to 5 PM,Tuesday,9 AM to 5 PM,Wednesday,9 AM to 5 PM,Thursday,9 AM to 5 PM,Friday,9 AM to 5 PM,Saturday,Closed,Sunday,Closed,(713) 244-8845,31,,Texas,6001 Stonington St #196,4.6,Maverick Exteriors,https://www.google.com/maps/search/?api=1&query=Maverick%20Exteriors&query_place_id=ChIJcZNm0RPFQIYRX2aYl4OM_F0,
"2402 Chenevert St, Houston, TX 77004",Houston,,en,29.742522,-95.3666958,,,,,,,,,,,,,,,(713) 659-7830,60,,Texas,2402 Chenevert St,3.7,Medearis Sheet Metal & Roofing,https://www.google.com/maps/search/?api=1&query=Medearis%20Sheet%20Metal%20%26%20Roofing&query_place_id=ChIJF5z7ahG_QIYR-yMqJtdycNQ,
"7011 Edgemoor Dr, Houston, TX 77074",Houston,,en,29.7021168,-95.5068836,Monday,Open 24 hours,Tuesday,Open 24 hours,Wednesday,Open 24 hours,Thursday,Open 24 hours,Friday,Open 24 hours,Saturday,Open 24 hours,Sunday,Open 24 hours,(713) 882-1891,57,,Texas,7011 Edgemoor Dr,5,Mejia Remodeling,https://www.google.com/maps/search/?api=1&query=Mejia%20Remodeling&query_place_id=ChIJAR6jzR_DQIYR9n8snaJAPV8,
"8939 Hazen St, Houston, TX 77036",Houston,,en,29.6914921,-95.5426186,Monday,8 AM to 7 PM,Tuesday,8 AM to 7 PM,Wednesday,8 AM to 7 PM,Thursday,8 AM to 7 PM,Friday,8 AM to 7 PM,Saturday,8 AM to 7 PM,Sunday,8 AM to 7 PM,(832) 893-0423,24,,Texas,8939 Hazen St,5,Mendez Renovations,https://www.google.com/maps/search/?api=1&query=Mendez%20Renovations&query_place_id=ChIJQ3EmDmzDQIYRAO65AaTXNq0,
"8321 Bauman Rd, Houston, TX 77022",Houston,,en,29.8364338,-95.3717291,,,,,,,,,,,,,,,(713) 695-0000,38,,Texas,8321 Bauman Rd,5,Metal Specialties,https://www.google.com/maps/search/?api=1&query=Metal%20Specialties&query_place_id=ChIJIU6Gi0G4QIYRIxcIC78IN_4,
"8401 W Monroe Rd, Houston, TX 77061",Houston,,en,29.6472549,-95.2666778,Monday,7 AM to 4:30 PM,Tuesday,7 AM to 4:30 PM,Wednesday,7 AM to 4:30 PM,Thursday,7 AM to 4:30 PM,Friday,7 AM to 4:30 PM,Saturday,Closed,Sunday,Closed,(281) 974-2147,13,,Texas,8401 W Monroe Rd,5,Metalfab of Houston,https://www.google.com/maps/search/?api=1&query=Metalfab%20of%20Houston&query_place_id=ChIJUcIudn2-QIYRFjneehMnkRk,
"2211 Karbach St, Houston, TX 77092",Houston,,en,29.8078861,-95.4620131,Monday,Open 24 hours,Tuesday,Open 24 hours,Wednesday,Open 24 hours,Thursday,Open 24 hours,Friday,Open 24 hours,Saturday,Open 24 hours,Sunday,Open 24 hours,(601) 480-9713,38,,Texas,2211 Karbach St,,Mountain Guard Roofing Supply,https://www.google.com/maps/search/?api=1&query=Mountain%20Guard%20Roofing%20Supply&query_place_id=ChIJawwo62HHQIYRMM_Fi7PUNV8,
"2222 N Shepherd Dr Ste 112, Houston, TX 77008",Houston,,en,29.8062118,-95.4087932,Monday,Open 24 hours,Tuesday,Open 24 hours,Wednesday,Open 24 hours,Thursday,Open 24 hours,Friday,Open 24 hours,Saturday,Open 24 hours,Sunday,Open 24 hours,,62,,Texas,2222 N Shepherd Dr Ste 112,5,Neko,https://www.google.com/maps/search/?api=1&query=Neko&query_place_id=ChIJ__8_Az2-QIYRrPLj1cNfl0g,
"4702 Center St, Houston, TX 77007",Houston,,en,29.771417,-95.408609,Monday,Open 24 hours,Tuesday,Open 24 hours,Wednesday,Open 24 hours,Thursday,Open 24 hours,Friday,Open 24 hours,Saturday,12 AM to 11:30 PM,Sunday,Open 24 hours,(346) 699-4343,23,,Texas,4702 Center St,5,Neko,https://www.google.com/maps/search/?api=1&query=Neko&query_place_id=ChIJsdWN5nXHQIYR7MwhYoQS1r0,
"6322 Nordling Rd, Houston, TX 77076",Houston,,en,29.8562919,-95.3904411,Monday,6 AM to 5 PM,Tuesday,6 AM to 5 PM,Wednesday,6 AM to 5 PM,Thursday,6 AM to 5 PM,Friday,6 AM to 5 PM,Saturday,Closed,Sunday,Closed,(832) 576-7449,24,,Texas,6322 Nordling Rd,5,Nordling Hardware LLC Roofing Supply,https://www.google.com/maps/search/?api=1&query=Nordling%20Hardware%20LLC%20Roofing%20Supply&query_place_id=ChIJpReobIi5QIYReYRbd8PoGvg,
"4130 Allison Rd, Houston, TX 77048",Houston,,en,29.6161648,-95.354034,Monday,Open 24 hours,Tuesday,Open 24 hours,Wednesday,Open 24 hours,Thursday,Open 24 hours,Friday,Open 24 hours,Saturday,Open 24 hours,Sunday,Open 24 hours,(912) 872-1324,40,,Texas,4130 Allison Rd,,North Point Roof Systems,https://www.google.com/maps/search/?api=1&query=North%20Point%20Roof%20Systems&query_place_id=ChIJX8XUnymVQIYRUu9OiHgQ6yY,
"5510 Hansford, Houston, TX 77023",Houston,,en,29.7151745,-95.3224022,Monday,7 AM to 7 PM,Tuesday,7 AM to 7 PM,Wednesday,7 AM to 7 PM,Thursday,7 AM to 7 PM,Friday,7 AM to 7 PM,Saturday,7 AM to 7 PM,Sunday,Closed,(832) 523-0092,61,,Texas,5510 Hansford,,Ochoas Roofing Supply LLC,https://www.google.com/maps/search/?api=1&query=Ochoas%20Roofing%20Supply%20LLC&query_place_id=ChIJmTlGrIC_QIYRm9zt_aYA0_o,
"7226 Market St, Houston, TX 77020",Houston,,en,29.7722917,-95.2967301,Monday,9 AM to 6 PM,Tuesday,9 AM to 6 PM,Wednesday,9 AM to 6 PM,Thursday,9 AM to 6 PM,Friday,9 AM to 6 PM,Saturday,9 AM to 12 PM,Sunday,9 AM to 6 PM,(713) 202-2857,74,,Texas,7226 Market St,,Omega Construction Company,https://www.google.com/maps/search/?api=1&query=Omega%20Construction%20Company&query_place_id=ChIJh2mrBQm8QIYRJ9PE3tJvj6Q,
"5450 NW Central Dr #330, Houston, TX 77092",Houston,,en,29.8453437,-95.4943069,,,,,,,,,,,,,,,(713) 686-7764,50,,Texas,5450 NW Central Dr #330,2.5,P2MG,https://www.google.com/maps/search/?api=1&query=P2MG&query_place_id=ChIJI_g-MuzFQIYRRYuz1NvpFS0,
"5929 Bissonnet St, Houston, TX 77081",Houston,,en,29.6981247,-95.4857279,Monday,Open 24 hours,Tuesday,Open 24 hours,Wednesday,Open 24 hours,Thursday,Open 24 hours,Friday,Open 24 hours,Saturday,Open 24 hours,Sunday,8 AM to 12 PM,(239) 900-5681,4,,Texas,5929 Bissonnet St,5,Paredes roofing,https://www.google.com/maps/search/?api=1&query=Paredes%20roofing&query_place_id=ChIJ7x0ptKTDQIYRI04F2JTcmmo,
"6205 Guhn Rd, Houston, TX 77040",Houston,,en,29.8578335,-95.5164814,Monday,Open 24 hours,Tuesday,Open 24 hours,Wednesday,Open 24 hours,Thursday,Open 24 hours,Friday,Open 24 hours,Saturday,Open 24 hours,Sunday,Open 24 hours,(681) 586-3079,47,,Texas,6205 Guhn Rd,,Peak Fusion Roofing,https://www.google.com/maps/search/?api=1&query=Peak%20Fusion%20Roofing&query_place_id=ChIJt3v1gqXFQIYRepQaLiiJVbA,
"5626 Arboles Dr, Houston, TX 77035",Houston,,en,29.6549296,-95.4855026,Monday,Open 24 hours,Tuesday,Open 24 hours,Wednesday,Open 24 hours,Thursday,Open 24 hours,Friday,Open 24 hours,Saturday,Open 24 hours,Sunday,Closed,(346) 521-4070,39,,Texas,5626 Arboles Dr,5,Pool Building Experts,https://www.google.com/maps/search/?api=1&query=Pool%20Building%20Experts&query_place_id=ChIJQ89RkL9pAIkReeEjG2f2csU,
"2130 Wellington St, Houston, TX 77093",Houston,,en,29.8579263,-95.3516533,Monday,6:30 AM to 7 PM,Tuesday,6:30 AM to 7 PM,Wednesday,6:30 AM to 7 PM,Thursday,6:30 AM to 7 PM,Friday,6:30 AM to 7 PM,Saturday,6:30 AM to 7 PM,Sunday,Closed,(713) 692-8807,55,,Texas,2130 Wellington St,5,Potosino’s Roofing Supply,https://www.google.com/maps/search/?api=1&query=Potosino%E2%80%99s%20Roofing%20Supply&query_place_id=ChIJ52npjGO5QIYRhrWGQSKj51M,
"513 N Loop E Fwy, Houston, TX 77022",Houston,,en,29.8144809,-95.3646312,Monday,Open 24 hours,Tuesday,Open 24 hours,Wednesday,Open 24 hours,Thursday,Open 24 hours,Friday,Open 24 hours,Saturday,Open 24 hours,Sunday,Open 24 hours,(713) 714-6754,59,,Texas,513 N Loop E Fwy,5,Precision Roofing and Building,https://www.google.com/maps/search/?api=1&query=Precision%20Roofing%20and%20Building&query_place_id=ChIJR1oDsvS5QIYRAlCpvk4-uqE,
"2812 Cortlandt St, Houston, TX 77008",Houston,"Plumbing services such as toilet repairs, sink installations, and leak inspections.",en,29.8125748,-95.3959397,Monday,8 AM to 7:30 PM,Tuesday,8 AM to 7:30 PM,Wednesday,8 AM to 7:30 PM,Thursday,8 AM to 7:30 PM,Friday,8 AM to 7:30 PM,Saturday,9 AM to 9 PM,Sunday,Closed,(281) 454-3969,38,,Texas,2812 Cortlandt St,4.9,Quiet Clean Repairs,https://www.google.com/maps/search/?api=1&query=Quiet%20Clean%20Repairs&query_place_id=ChIJ4ZMNR6vHQIYRE1uY8uaMXNQ,
"6401 Deihl Rd Unit 207, Houston, TX 77092",Houston,,en,29.8537021,-95.4839891,,,,,,,,,,,,,,,(832) 551-8000,53,,Texas,6401 Deihl Rd Unit 207,2.6,Radco,https://www.google.com/maps/search/?api=1&query=Radco&query_place_id=ChIJuxbR9vvFQIYRuRnnKWqQImo,
"9205 E Avenue L, Houston, TX 77012",Houston,,en,29.7178877,-95.2639617,Monday,Open 24 hours,Tuesday,Open 24 hours,Wednesday,Open 24 hours,Thursday,Open 24 hours,Friday,Open 24 hours,Saturday,Open 24 hours,Sunday,Open 24 hours,(810) 393-1736,46,,Texas,9205 E Avenue L,,Rapid Roofing Services,https://www.google.com/maps/search/?api=1&query=Rapid%20Roofing%20Services&query_place_id=ChIJCWox76e9QIYRbfHO1DaxPsM,
"4801 Woodway Dr 300 East, Houston, TX 77056",Houston,,en,29.763475,-95.459558,Monday,9 AM to 7 PM,Tuesday,9 AM to 7 PM,Wednesday,9 AM to 7 PM,Thursday,9 AM to 7 PM,Friday,9 AM to 7 PM,Saturday,9 AM to 7 PM,Sunday,Closed,(832) 987-8763,36,,Texas,4801 Woodway Dr 300 East,1,Reflections Roofing,https://www.google.com/maps/search/?api=1&query=Reflections%20Roofing&query_place_id=ChIJA78Q1KfBQIYRLmxzEQT6htM,
"6102 Shadow Crest St, Houston, TX 77074",Houston,,en,29.6802012,-95.498356,,,,,,,,,,,,,,,(713) 774-3425,17,,Texas,6102 Shadow Crest St,5,Regional Roofing & Supply Inc,https://www.google.com/maps/search/?api=1&query=Regional%20Roofing%20%26%20Supply%20Inc&query_place_id=ChIJqfYfTgvCQIYRHBCtTlu2sb4,
"5151 Mitchelldale St B11, Houston, TX 77092",Houston,,en,29.8127798,-95.4651179,Monday,8 AM to 5 PM,Tuesday,8 AM to 5 PM,Wednesday,8 AM to 5 PM,Thursday,8 AM to 5 PM,Friday,8 AM to 5 PM,Saturday,9 AM to 3 PM,Sunday,Closed,(832) 421-7663,36,,Texas,5151 Mitchelldale St B11,3.7,Resolution Roofing Corp,https://www.google.com/maps/search/?api=1&query=Resolution%20Roofing%20Corp&query_place_id=ChIJ20kMT4jGQIYR9j48yR9yoLs,
"2409 Brailsfort St, Houston, TX 77004",Houston,,en,29.7360248,-95.3564126,,,,,,,,,,,,,,,(281) 673-5623,58,,Texas,2409 Brailsfort St,,RidgePoint Roofing,https://www.google.com/maps/search/?api=1&query=RidgePoint%20Roofing&query_place_id=ChIJj2bbbgC_QIYRe0It6BVwll8,
"3802 King St, Houston, TX 77026",Houston,,en,29.817422,-95.334464,Monday,8 AM to 12 AM,Tuesday,"12 to 6 AM, 8 AM to 6 PM",Wednesday,8 AM to 6 PM,Thursday,8 AM to 6 PM,Friday,8 AM to 6 PM,Saturday,8 AM to 2 PM,Sunday,Closed,(832) 498-8518,19,,Texas,3802 King St,3.3,Rios Home Exteriors,https://www.google.com/maps/search/?api=1&query=Rios%20Home%20Exteriors&query_place_id=ChIJ16hoTQq5QIYR3FnMs3R7id0,
"11318 Craighead Dr, Houston, TX 77025",Houston,,en,29.661106,-95.445961,,,,,,,,,,,,,,,(713) 664-1815,5,,Texas,11318 Craighead Dr,2.9,Rivas Roofing & Gutters Inc,https://www.google.com/maps/search/?api=1&query=Rivas%20Roofing%20%26%20Gutters%20Inc&query_place_id=ChIJE8vr82XqQIYRc-hzLTnBxdQ,
"9027 Hollock St, Houston, TX 77075",Houston,,en,29.6381601,-95.2554379,Monday,Open 24 hours,Tuesday,Open 24 hours,Wednesday,Open 24 hours,Thursday,Open 24 hours,Friday,Open 24 hours,Saturday,Open 24 hours,Sunday,Closed,(713) 824-9561,15,,Texas,9027 Hollock St,5,Roof Pros & Remodeling,https://www.google.com/maps/search/?api=1&query=Roof%20Pros%20%26%20Remodeling&query_place_id=ChIJUUL3wZAL7CERbCykh2py7yg,
"7825 Corporate Dr, Houston, TX 77036",Houston,,en,29.6935546,-95.5516996,Monday,9 AM to 5 PM,Tuesday,9 AM to 5 PM,Wednesday,9 AM to 5 PM,Thursday,9 AM to 5 PM,Friday,9 AM to 5 PM,Saturday,9 AM to 5 PM,Sunday,9 AM to 5 PM,,33,,Texas,7825 Corporate Dr,,Roofer fix,https://www.google.com/maps/search/?api=1&query=Roofer%20fix&query_place_id=ChIJQxVY9Y7DQIYRIIXzFsG834o,
"2930 Plum Creek Ln #212, Houston, TX 77087",Houston,,en,29.6999749,-95.3013885,Monday,Open 24 hours,Tuesday,Open 24 hours,Wednesday,Open 24 hours,Thursday,Open 24 hours,Friday,Open 24 hours,Saturday,Open 24 hours,Sunday,Open 24 hours,(346) 639-4954,17,,Texas,2930 Plum Creek Ln #212,5,Roofing & Construction Solutions,https://www.google.com/maps/search/?api=1&query=Roofing%20%26%20Construction%20Solutions&query_place_id=ChIJhZFBYJHJt4kRmni6ZMwabWw,
"6136 Jason St, Houston, TX 77074",Houston,,en,29.6844074,-95.4999448,Monday,Open 24 hours,Tuesday,Open 24 hours,Wednesday,Open 24 hours,Thursday,Open 24 hours,Friday,Open 24 hours,Saturday,Open 24 hours,Sunday,Open 24 hours,(832) 346-9266,19,,Texas,6136 Jason St,,Roofing And Remodeling Experts,https://www.google.com/maps/search/?api=1&query=Roofing%20And%20Remodeling%20Experts&query_place_id=ChIJbcdZhqNZwokR2Cy2c1SfDWk,
"3539 Urban Woods Trail, Houston, TX 77008",Houston,,en,29.7886204,-95.4402295,Monday,Open 24 hours,Tuesday,Open 24 hours,Wednesday,Open 24 hours,Thursday,Open 24 hours,Friday,Open 24 hours,Saturday,Open 24 hours,Sunday,Open 24 hours,(229) 639-0107,18,,Texas,3539 Urban Woods Trail,,Roofing Forge Masters,https://www.google.com/maps/search/?api=1&query=Roofing%20Forge%20Masters&query_place_id=ChIJSwuHFU7HQIYRt5nAdajuGlQ,
"7500 Clarewood Dr, Houston, TX 77036",Houston,,en,29.7102012,-95.5168226,Monday,Open 24 hours,Tuesday,Open 24 hours,Wednesday,Open 24 hours,Thursday,Open 24 hours,Friday,Open 24 hours,Saturday,Open 24 hours,Sunday,Closed,(832) 706-7794,18,,Texas,7500 Clarewood Dr,,Roofing Quality,https://www.google.com/maps/search/?api=1&query=Roofing%20Quality&query_place_id=ChIJAyZizbnVMGgRqtHBeD5xXr8,
"327 Thornton Rd, Houston, TX 77018",Houston,,en,29.832232,-95.4046722,Monday,8 AM to 10 PM,Tuesday,8 AM to 10 PM,Wednesday,8 AM to 10 PM,Thursday,8 AM to 10 PM,Friday,8 AM to 10 PM,Saturday,8 AM to 10 PM,Sunday,8 AM to 10 PM,(713) 912-8772,14,,Texas,327 Thornton Rd,4.2,Roofing Repair Experts,https://www.google.com/maps/search/?api=1&query=Roofing%20Repair%20Experts&query_place_id=ChIJAQBA1JHHQIYRuQcsMbaMeM4,
"W Bellfort Ave, Houston, TX 77035",Houston,,en,29.657943,-95.4811196,Monday,Open 24 hours,Tuesday,Open 24 hours,Wednesday,Open 24 hours,Thursday,Open 24 hours,Friday,Open 24 hours,Saturday,Open 24 hours,Sunday,9 AM to 5 PM,(832) 372-6716,7,,Texas,W Bellfort Ave,5,Roofing Repairs,https://www.google.com/maps/search/?api=1&query=Roofing%20Repairs&query_place_id=ChIJd4kJSgDpQIYRQa0VTvi8Jlc,
"9422 Fairdale Ln, Houston, TX 77063",Houston,,en,29.7312171,-95.5312382,Monday,8 AM to 5 PM,Tuesday,8 AM to 5 PM,Wednesday,8 AM to 5 PM,Thursday,8 AM to 5 PM,Friday,8 AM to 5 PM,Saturday,Closed,Sunday,Closed,(832) 743-2619,27,,Texas,9422 Fairdale Ln,,Roofs One,https://www.google.com/maps/search/?api=1&query=Roofs%20One&query_place_id=ChIJ62IQL9vDQIYR4lUPazIv2pU,
"5806 Melanite Ave, Houston, TX 77053",Houston,,en,29.6005226,-95.4718652,Monday,6 AM to 7 PM,Tuesday,6 AM to 7 PM,Wednesday,6 AM to 7 PM,Thursday,6 AM to 7 PM,Friday,6 AM to 7 PM,Saturday,6 AM to 7 PM,Sunday,Closed,(346) 302-2800,10,,Texas,5806 Melanite Ave,5,Roofworks Houston,https://www.google.com/maps/search/?api=1&query=Roofworks%20Houston&query_place_id=ChIJpWJHFBTrQIYR_z0F1LvG7i4,
"6846 Glen Rock Dr, Houston, TX 77087",Houston,,en,29.6728645,-95.3041072,Monday,6 AM to 9 PM,Tuesday,6 AM to 9 PM,Wednesday,6 AM to 9 PM,Thursday,6 AM to 9 PM,Friday,6 AM to 9 PM,Saturday,6 AM to 9 PM,Sunday,6 AM to 9 PM,(713) 894-4682,16,,Texas,6846 Glen Rock Dr,5,Rrc remodeling,https://www.google.com/maps/search/?api=1&query=Rrc%20remodeling&query_place_id=ChIJR4G23iSXQIYR6sxKkOdkD9M,
"219 Weisenberger Dr, Houston, TX 77022",Houston,,en,29.8274908,-95.3732753,,,,,,,,,,,,,,,(713) 478-2276,15,,Texas,219 Weisenberger Dr,4.8,Ruiz Roofing Services,https://www.google.com/maps/search/?api=1&query=Ruiz%20Roofing%20Services&query_place_id=ChIJKUxDf2e4QIYReU8k71hlDiE,
"1607 Fawnhope Dr, Houston, TX 77008",Houston,,en,29.7981186,-95.4484043,,,,,,,,,,,,,,,(832) 543-3952,55,,Texas,1607 Fawnhope Dr,5,Safe Home Attic & Home Insulation Service,https://www.google.com/maps/search/?api=1&query=Safe%20Home%20Attic%20%26%20Home%20Insulation%20Service&query_place_id=ChIJj5HlUgD3wokRZvuLTm-nz3Q,
"408 North Loop #2233, Houston, TX 77008",Houston,,en,29.8132164,-95.3942917,Monday,7:30 AM to 8 PM,Tuesday,7:30 AM to 8 PM,Wednesday,7:30 AM to 8 PM,Thursday,7:30 AM to 8 PM,Friday,7:30 AM to 8 PM,Saturday,7:30 AM to 8 PM,Sunday,7:30 AM to 8 PM,(281) 972-2869,20,,Texas,408 North Loop #2233,5,Sheffield Brothers Roofing,https://www.google.com/maps/search/?api=1&query=Sheffield%20Brothers%20Roofing&query_place_id=ChIJIUQBUUjHQIYRKj9J7F5tu8A,
"3025 Maxroy St, Houston, TX 77008",Houston,,en,29.7857686,-95.430273,,,,,,,,,,,,,,,(713) 869-6663,40,,Texas,3025 Maxroy St,5,Shelton W Greer Co,https://www.google.com/maps/search/?api=1&query=Shelton%20W%20Greer%20Co&query_place_id=ChIJnQAZJCTHQIYR5oDVLM-TsTE,
"2415 Freeman St, Houston, TX 77009",Houston,,en,29.7829683,-95.3642313,Monday,Open 24 hours,Tuesday,Open 24 hours,Wednesday,Open 24 hours,Thursday,Open 24 hours,Friday,Open 24 hours,Saturday,Open 24 hours,Sunday,Open 24 hours,(832) 979-1177,38,,Texas,2415 Freeman St,,SkyGuard Roofing Service Houston,https://www.google.com/maps/search/?api=1&query=SkyGuard%20Roofing%20Service%20Houston&query_place_id=ChIJZ4Gnohy5QIYRNRIWGIjyazk,
"1205 Hutchins St, Houston, TX 77003",Houston,,en,29.7488528,-95.3558845,,,,,,,,,,,,,,,(281) 536-9214,33,,Texas,1205 Hutchins St,5,Skyline Roof Care,https://www.google.com/maps/search/?api=1&query=Skyline%20Roof%20Care&query_place_id=ChIJhZ9WCgC_QIYRHX2cJYq6kX4,
"924 Bennington St, Houston, TX 77022",Houston,,en,29.8217039,-95.359261,Monday,Open 24 hours,Tuesday,Open 24 hours,Wednesday,Open 24 hours,Thursday,Open 24 hours,Friday,Open 24 hours,Saturday,Open 24 hours,Sunday,Open 24 hours,(832) 863-7391,51,,Texas,924 Bennington St,4,Southern Roofing & Gutters,https://www.google.com/maps/search/?api=1&query=Southern%20Roofing%20%26%20Gutters&query_place_id=ChIJX_kxMs-zKmURN6FiLYYrY68,
"6414 Rambleridge Dr, Houston, TX 77053",Houston,,en,29.5927268,-95.4818116,Monday,7 AM to 7 PM,Tuesday,7 AM to 7 PM,Wednesday,7 AM to 7 PM,Thursday,7 AM to 7 PM,Friday,7 AM to 7 PM,Saturday,7 AM to 2 PM,Sunday,9 AM to 1 PM,(832) 580-0522,11,,Texas,6414 Rambleridge Dr,4.5,Space City Roofing & Remodeling LLC,https://www.google.com/maps/search/?api=1&query=Space%20City%20Roofing%20%26%20Remodeling%20LLC&query_place_id=ChIJHUwwDAvpQIYRv7iwwrH1q9A,
"6201 W 34th St A, Houston, TX 77092",Houston,,en,29.8185911,-95.479978,Monday,8 AM to 5 PM,Tuesday,8 AM to 5 PM,Wednesday,8 AM to 5 PM,Thursday,8 AM to 5 PM,Friday,8 AM to 5 PM,Saturday,Closed,Sunday,Closed,(713) 690-1477,16,,Texas,6201 W 34th St A,5,Standard Roofing & Sheet Metal,https://www.google.com/maps/search/?api=1&query=Standard%20Roofing%20%26%20Sheet%20Metal&query_place_id=ChIJF6dTQ6PFQIYRPUV_Am8lOLg,
"2611 N Durham Dr, Houston, TX 77008",Houston,,en,29.8104601,-95.4126098,Monday,7 AM to 10 PM,Tuesday,7 AM to 10 PM,Wednesday,7 AM to 10 PM,Thursday,7 AM to 10 PM,Friday,7 AM to 10 PM,Saturday,7 AM to 10 PM,Sunday,7 AM to 10 PM,(832) 550-1000,44,,Texas,2611 N Durham Dr,4.5,Star Roof Cleaning,https://www.google.com/maps/search/?api=1&query=Star%20Roof%20Cleaning&query_place_id=ChIJ93sW-JzAQIYRJVXWZY_tT_A,
"6530 Southwest Fwy, Houston, TX 77074",Houston,,en,29.7182807,-95.4987182,,,,,,,,,,,,,,,(713) 781-5600,36,,Texas,6530 Southwest Fwy,3.5,Sterling Inn & Suites,https://www.google.com/maps/search/?api=1&query=Sterling%20Inn%20%26%20Suites&query_place_id=ChIJ4zdjhDXCQIYRzBPc8d2KrOo,
"8801 Mesa Dr, Houston, TX 77028",Houston,,en,29.8417281,-95.2629752,Monday,Open 24 hours,Tuesday,Open 24 hours,Wednesday,Open 24 hours,Thursday,Open 24 hours,Friday,Open 24 hours,Saturday,Open 24 hours,Sunday,Open 24 hours,(369) 224-4910,42,,Texas,8801 Mesa Dr,,Summi Forge RoofingMasters,https://www.google.com/maps/search/?api=1&query=Summi%20Forge%20RoofingMasters&query_place_id=ChIJlfaKXpW7QIYRJqUNjhcvEnQ,
"2112 Leeland St, Houston, TX 77003",Houston,,en,29.7461717,-95.358901,Monday,Open 24 hours,Tuesday,Open 24 hours,Wednesday,Open 24 hours,Thursday,Open 24 hours,Friday,Open 24 hours,Saturday,Open 24 hours,Sunday,Open 24 hours,(848) 314-7149,42,,Texas,2112 Leeland St,,Summit Gate Roofing Depot,https://www.google.com/maps/search/?api=1&query=Summit%20Gate%20Roofing%20Depot&query_place_id=ChIJV0ryXzS_QIYRAD0dtPZroIU,
"Wynnwood Ln, Houston, TX 77008",Houston,,en,29.7944739,-95.4313822,Monday,Open 24 hours,Tuesday,Open 24 hours,Wednesday,Open 24 hours,Thursday,Open 24 hours,Friday,Open 24 hours,Saturday,Open 24 hours,Sunday,Open 24 hours,(505) 278-1595,37,,Texas,Wynnwood Ln,,Summit Gate Roofing Depot,https://www.google.com/maps/search/?api=1&query=Summit%20Gate%20Roofing%20Depot&query_place_id=ChIJt8_T_67HQIYRow_A58voxME,
"14450 Old Chocolate Bayou Rd, Houston, TX 77048",Houston,,en,29.6000435,-95.3519241,Monday,Open 24 hours,Tuesday,Open 24 hours,Wednesday,Open 24 hours,Thursday,Open 24 hours,Friday,Open 24 hours,Saturday,Open 24 hours,Sunday,Open 24 hours,(472) 276-2230,35,,Texas,14450 Old Chocolate Bayou Rd,,Summit Peak Roof Works,https://www.google.com/maps/search/?api=1&query=Summit%20Peak%20Roof%20Works&query_place_id=ChIJoQaC7PCVQIYRB1U2EO9Cs4I,
"1017 Houston Ave, Houston, TX 77007",Houston,,en,29.7679092,-95.37267,,,,,,,,,,,,,,,(346) 534-6993,52,,Texas,1017 Houston Ave,,Superior Estimation,https://www.google.com/maps/search/?api=1&query=Superior%20Estimation&query_place_id=ChIJVVVJ8TW_QIYR6-SEP0zALJI,
"7015 Apache St, Houston, TX 77028",Houston,,en,29.8229599,-95.3036312,,,,,,,,,,,,,,,(713) 594-3309,86,,Texas,7015 Apache St,1,Superior Painting,https://www.google.com/maps/search/?api=1&query=Superior%20Painting&query_place_id=ChIJA-o6wCy6QIYRp6xH-uiDsMQ,
"4206 Wheeler Ave, Houston, TX 77004",Houston,,en,29.7180922,-95.348302,Monday,8 AM to 8 PM,Tuesday,8 AM to 8 PM,Wednesday,8 AM to 8 PM,Thursday,8 AM to 8 PM,Friday,8 AM to 8 PM,Saturday,8 AM to 8 PM,Sunday,10:30 AM to 3 PM,(832) 306-7871,47,,Texas,4206 Wheeler Ave,,Superior roof solutions,https://www.google.com/maps/search/?api=1&query=Superior%20roof%20solutions&query_place_id=ChIJNc2Y3MO_QIYRXoppke_TdYE,
"4418 Mowery Rd, Houston, TX 77047",Houston,,en,29.6358095,-95.3583275,,,,,,,,,,,,,,,(281) 571-9203,50,,Texas,4418 Mowery Rd,5,TEMPLE & TEMPLE,https://www.google.com/maps/search/?api=1&query=TEMPLE%20%26%20TEMPLE&query_place_id=ChIJLyIct_6VQIYR0E0YMCYaJ_E,
"6110 Pinemont Dr Suite 227, Houston, TX 77092",Houston,,en,29.8408362,-95.4815086,Monday,9 AM to 7 PM,Tuesday,9 AM to 7 PM,Wednesday,9 AM to 7 PM,Thursday,9 AM to 7 PM,Friday,9 AM to 7 PM,Saturday,9 AM to 7 PM,Sunday,Closed,(713) 843-7663,50,,Texas,6110 Pinemont Dr Suite 227,5,Temple Roofing and Restoration,https://www.google.com/maps/search/?api=1&query=Temple%20Roofing%20and%20Restoration&query_place_id=ChIJbYfO4qWZDS4RwKJfaTIoUZA,
"238 Meadow Lea Dr, Houston, TX 77022",Houston,,en,29.835574,-95.3724043,Monday,8 AM to 5 PM,Tuesday,8 AM to 5 PM,Wednesday,8 AM to 5 PM,Thursday,8 AM to 5 PM,Friday,8 AM to 5 PM,Saturday,8 AM to 3 PM,Sunday,Closed,(832) 935-7535,32,,Texas,238 Meadow Lea Dr,4,Terwogt Roofing & Exteriors,https://www.google.com/maps/search/?api=1&query=Terwogt%20Roofing%20%26%20Exteriors&query_place_id=ChIJrUidnpC5QIYRs2N1G5DkmAU,
"11333 Chimney Rock Rd, Houston, TX 77035",Houston,,en,29.6582298,-95.4760228,,,,,,,,,,,,,,,(832) 270-1779,51,,Texas,11333 Chimney Rock Rd,,Texans Force,https://www.google.com/maps/search/?api=1&query=Texans%20Force&query_place_id=ChIJVVUFcR7qQIYRaluElCNq4dw,
"5343 Anderson Rd, Houston, TX 77053",Houston,,en,29.6056106,-95.4620296,Monday,8 AM to 4 PM,Tuesday,8 AM to 4 PM,Wednesday,8 AM to 4 PM,Thursday,8 AM to 4 PM,Friday,8 AM to 4 PM,Saturday,Closed,Sunday,Closed,(713) 433-8412,60,,Texas,5343 Anderson Rd,3,Texas Pride Construction Inc,https://www.google.com/maps/search/?api=1&query=Texas%20Pride%20Construction%20Inc&query_place_id=ChIJNyDWjOnrQIYR24Wu4NtZTGE,
"12223 Chimney Rock Rd Suite C, Houston, TX 77035",Houston,,en,29.6450112,-95.4816588,Monday,Open 24 hours,Tuesday,Open 24 hours,Wednesday,Open 24 hours,Thursday,Open 24 hours,Friday,Open 24 hours,Saturday,Open 24 hours,Sunday,Open 24 hours,(713) 659-9081,65,,Texas,12223 Chimney Rock Rd Suite C,3.7,Texas Remodeling LLC,https://www.google.com/maps/search/?api=1&query=Texas%20Remodeling%20LLC&query_place_id=ChIJUQdwvBzpQIYRoQZtmWd_ONs,
"6606 Clawson St, Houston, TX 77055",Houston,,en,29.7938993,-95.4666506,Monday,8 AM to 9 PM,Tuesday,8 AM to 9 PM,Wednesday,8 AM to 9 PM,Thursday,8 AM to 9 PM,Friday,8 AM to 9 PM,Saturday,8 AM to 9 PM,Sunday,8 AM to 9 PM,(832) 308-3342,41,,Texas,6606 Clawson St,5,The Father,https://www.google.com/maps/search/?api=1&query=The%20Father&query_place_id=ChIJVVXRkZfGQIYROocmPW06SLI,
"4500 S Wayside Dr Suite 102, Houston, TX 77087",Houston,,en,29.697497,-95.3207864,Monday,7 AM to 8 PM,Tuesday,7 AM to 8 PM,Wednesday,7 AM to 8 PM,Thursday,7 AM to 8 PM,Friday,7 AM to 8 PM,Saturday,7 AM to 8 PM,Sunday,7 AM to 8 PM,(833) 652-8252,50,,Texas,4500 S Wayside Dr Suite 102,4.6,Tilat Roofing & Solar Contractor,https://www.google.com/maps/search/?api=1&query=Tilat%20Roofing%20%26%20Solar%20Contractor&query_place_id=ChIJ__87dHC-QIYRS2uC5xA_tl8,
"5635 Bonsrell St, Houston, TX 77023",Houston,,en,29.7230815,-95.3174412,,,,,,,,,,,,,,,,17,,Texas,5635 Bonsrell St,5,Torrez construction & Roofing,https://www.google.com/maps/search/?api=1&query=Torrez%20construction%20%26%20Roofing&query_place_id=ChIJK20b8wS_QIYR8mYjCNWwJVc,
"7433 Harwin Dr., Houston, TX 77036",Houston,,en,29.7172936,-95.5131064,,,,,,,,,,,,,,,(713) 868-5500,45,,Texas,7433 Harwin Dr.,2,Tracer Construction Company,https://www.google.com/maps/search/?api=1&query=Tracer%20Construction%20Company&query_place_id=ChIJLUJIo1PCQIYR16Mt4Y7I9dU,
"1404 Walker St, Houston, TX 77010",Houston,,en,29.7554539,-95.3608542,Monday,Open 24 hours,Tuesday,Open 24 hours,Wednesday,Open 24 hours,Thursday,Open 24 hours,Friday,Open 24 hours,Saturday,Open 24 hours,Sunday,Open 24 hours,(220) 284-0294,45,,Texas,1404 Walker St,,TrueGuard Roofing,https://www.google.com/maps/search/?api=1&query=TrueGuard%20Roofing&query_place_id=ChIJB211wD6_QIYRN_ihT40U1to,
"10150 Talley Ln, Houston, TX 77041",Houston,,en,29.8577817,-95.5442154,Monday,9 AM to 5 PM,Tuesday,9 AM to 5 PM,Wednesday,9 AM to 5 PM,Thursday,9 AM to 5 PM,Friday,9 AM to 5 PM,Saturday,9 AM to 1 PM,Sunday,Closed,(832) 566-8447,15,,Texas,10150 Talley Ln,5,Universal roofing systems inc,https://www.google.com/maps/search/?api=1&query=Universal%20roofing%20systems%20inc&query_place_id=ChIJdQBPZJTFQIYRw8aTE7LnLfs,
"7727 Harrisburg Blvd, Houston, TX 77012",Houston,,en,29.731235,-95.2869409,Monday,7 AM to 6 PM,Tuesday,7 AM to 6 PM,Wednesday,7 AM to 6 PM,Thursday,7 AM to 6 PM,Friday,7 AM to 6 PM,Saturday,7 AM to 6 PM,Sunday,Closed,(832) 279-6931,79,,Texas,7727 Harrisburg Blvd,3.7,Valdivia Building Materials,https://www.google.com/maps/search/?api=1&query=Valdivia%20Building%20Materials&query_place_id=ChIJ1z2L3kq8QIYRzGnomuRa2n8,
"3036 Golfcrest Blvd, Houston, TX 77087",Houston,,en,29.6992996,-95.3061818,Monday,Open 24 hours,Tuesday,Open 24 hours,Wednesday,Open 24 hours,Thursday,Open 24 hours,Friday,Open 24 hours,Saturday,Open 24 hours,Sunday,Open 24 hours,(713) 643-2719,49,,Texas,3036 Golfcrest Blvd,5,Villela Construction Inc,https://www.google.com/maps/search/?api=1&query=Villela%20Construction%20Inc&query_place_id=ChIJv-V-6eO9QIYR38qkddOGQ30,
"2214 Center St, Houston, TX 77007",Houston,,en,29.7692029,-95.3811901,Monday,6 AM to 9 PM,Tuesday,6 AM to 9 PM,Wednesday,6 AM to 9 PM,Thursday,6 AM to 9 PM,Friday,6 AM to 9 PM,Saturday,8 AM to 8 PM,Sunday,8 AM to 8 PM,(346) 639-2120,48,,Texas,2214 Center St,5,Water Damage Restoration in Houston,https://www.google.com/maps/search/?api=1&query=Water%20Damage%20Restoration%20in%20Houston&query_place_id=ChIJnVQjmUjHQIYRjrjyUeGia98,
"5449 W Orem Dr, Houston, TX 77045",Houston,,en,29.6267029,-95.4640296,Monday,Open 24 hours,Tuesday,Open 24 hours,Wednesday,Open 24 hours,Thursday,Open 24 hours,Friday,Open 24 hours,Saturday,Open 24 hours,Sunday,Open 24 hours,(346) 810-6917,5,,Texas,5449 W Orem Dr,4.9,Williams Brothers Roofing & Construction,https://www.google.com/maps/search/?api=1&query=Williams%20Brothers%20Roofing%20%26%20Construction&query_place_id=ChIJFcDh0PzrQIYRICfbD2kM94s,
"721 Brollier St, Houston, TX 77054",Houston,,en,29.6736253,-95.3933205,Monday,8 AM to 8 PM,Tuesday,8 AM to 8 PM,Wednesday,8 AM to 8 PM,Thursday,8 AM to 8 PM,Friday,8 AM to 8 PM,Saturday,8 AM to 8 PM,Sunday,Closed,(730) 283-3296,17,,Texas,721 Brollier St,,Workforce Roofing & Supply,https://www.google.com/maps/search/?api=1&query=Workforce%20Roofing%20%26%20Supply&query_place_id=ChIJ2ZRL1dKVQIYR-ACNGQNN02c,
"5803 Gulf Fwy, Houston, TX 77023",Houston,,en,29.7173179,-95.3172124,Monday,Open 24 hours,Tuesday,Open 24 hours,Wednesday,Open 24 hours,Thursday,Open 24 hours,Friday,Open 24 hours,Saturday,Open 24 hours,Sunday,Open 24 hours,(936) 209-7110,4,,Texas,5803 Gulf Fwy,4.9,Wright Brothers Roofing,https://www.google.com/maps/search/?api=1&query=Wright%20Brothers%20Roofing&query_place_id=ChIJs38C2f-_QIYRSJ22nrjFS-k,
"8950 Westpark Dr #117, Houston, TX 77074",Houston,,en,29.7218064,-95.5221065,Monday,Open 24 hours,Tuesday,Open 24 hours,Wednesday,Open 24 hours,Thursday,Open 24 hours,Friday,Open 24 hours,Saturday,Open 24 hours,Sunday,Closed,(832) 665-3280,30,,Texas,8950 Westpark Dr #117,,Y&C roofing and restoration,https://www.google.com/maps/search/?api=1&query=Y%26C%20roofing%20and%20restoration&query_place_id=ChIJC53oOP3DQIYRId59yeHgtsk,
"2511 Mann St, Houston, TX 77093",Houston,,en,29.832274,-95.3464681,Monday,7 AM to 8 PM,Tuesday,7 AM to 8 PM,Wednesday,7 AM to 8 PM,Thursday,7 AM to 8 PM,Friday,7 AM to 8 PM,Saturday,7 AM to 8 PM,Sunday,Closed,(832) 215-4101,34,,Texas,2511 Mann St,4,e&m roofing,https://www.google.com/maps/search/?api=1&query=e%26m%20roofing&query_place_id=ChIJqTPR8LG5QIYRVITwe1VKCy0,
"12337 S Main St, Houston, TX 77035",Houston,,en,29.6469101,-95.4596913,Monday,9 AM to 5 PM,Tuesday,9 AM to 5 PM,Wednesday,9 AM to 5 PM,Thursday,9 AM to 5 PM,Friday,9 AM to 5 PM,Saturday,9 AM to 5 PM,Sunday,Closed,(832) 287-8584,74,,Texas,12337 S Main St,,llremodeling,https://www.google.com/maps/search/?api=1&query=llremodeling&query_place_id=ChIJK1CrV-7rQIYRz_qYMbFdchc,
"5837 Shirley Ln, Humble, TX 77396",Humble,,en,29.9451355,-95.3016457,Monday,7 AM to 10 PM,Tuesday,7 AM to 10 PM,Wednesday,7 AM to 10 PM,Thursday,7 AM to 10 PM,Friday,7 AM to 10 PM,Saturday,8 AM to 10 PM,Sunday,7 AM to 9 PM,(855) 521-1289,4,,Texas,5837 Shirley Ln,,Hasling Roofing and Gutters,https://www.google.com/maps/search/?api=1&query=Hasling%20Roofing%20and%20Gutters&query_place_id=ChIJf_gYGQ2xQIYR6tGmT3tRFRM,https://www.elevationroofing.com/
"7083 Chasewood Dr, Missouri City, TX 77489",Missouri City,,en,29.6052412,-95.4955403,Monday,5 AM to 7 PM,Tuesday,5 AM to 7 PM,Wednesday,5 AM to 7 PM,Thursday,5 AM to 7 PM,Friday,5 AM to 7 PM,Saturday,5 AM to 7 PM,Sunday,5 AM to 7 PM,(832) 348-7291,46,,Texas,7083 Chasewood Dr,5,Picture Perfect Home Services,https://www.google.com/maps/search/?api=1&query=Picture%20Perfect%20Home%20Services&query_place_id=ChIJAeIb0EHpQIYRhp8JjuYa-xA,https://www.elevationroofing.com/
